scraped_at,source_updated_at,facility,status,capacity_percentage,badge_text,raw_text,source
2026-06-02T15:35:52+00:00,2026-06-02T23:35:00+08:00,Clementi ActiveSG Gym,closed,,Closed,"{""id"":""EcBGtBDRSadwhso2WV0Tk"",""name"":""Clementi ActiveSG Gym"",""capacityPercentage"":0,""type"":""gym"",""isClosed"":true}",api_response
2026-06-03T00:24:54+00:00,2026-06-03T08:24:00+08:00,Clementi ActiveSG Gym,open,33,33% full,"{""id"":""EcBGtBDRSadwhso2WV0Tk"",""name"":""Clementi ActiveSG Gym"",""capacityPercentage"":33,""type"":""gym"",""isClosed"":false}",api_response
2026-06-03T02:42:34+00:00,2026-06-03T10:42:00+08:00,Clementi ActiveSG Gym,open,53,53% full,"{""id"":""EcBGtBDRSadwhso2WV0Tk"",""name"":""Clementi ActiveSG Gym"",""capacityPercentage"":53,""type"":""gym"",""isClosed"":false}",api_response
2026-06-03T03:44:23+00:00,2026-06-03T11:44:00+08:00,Clementi ActiveSG Gym,open,44,44% full,"{""id"":""EcBGtBDRSadwhso2WV0Tk"",""name"":""Clementi ActiveSG Gym"",""capacityPercentage"":44,""type"":""gym"",""isClosed"":false}",api_response
2026-06-03T07:36:33+00:00,2026-06-03T15:36:00+08:00,Clementi ActiveSG Gym,open,67,67% full,"{""id"":""EcBGtBDRSadwhso2WV0Tk"",""name"":""Clementi ActiveSG Gym"",""capacityPercentage"":67,""type"":""gym"",""isClosed"":false}",api_response
2026-06-03T09:05:20+00:00,2026-06-03T17:05:00+08:00,Clementi ActiveSG Gym,open,49,49% full,"{""id"":""EcBGtBDRSadwhso2WV0Tk"",""name"":""Clementi ActiveSG Gym"",""capacityPercentage"":49,""type"":""gym"",""isClosed"":false}",api_response
2026-06-03T13:03:22+00:00,2026-06-03T21:03:00+08:00,Clementi ActiveSG Gym,open,84,84% full,"{""id"":""EcBGtBDRSadwhso2WV0Tk"",""name"":""Clementi ActiveSG Gym"",""capacityPercentage"":84,""type"":""gym"",""isClosed"":false}",api_response
2026-06-03T14:07:05+00:00,2026-06-03T22:07:00+08:00,Clementi ActiveSG Gym,closed,,Closed,"{""id"":""EcBGtBDRSadwhso2WV0Tk"",""name"":""Clementi ActiveSG Gym"",""capacityPercentage"":0,""type"":""gym"",""isClosed"":true}",api_response
2026-06-03T15:22:05+00:00,2026-06-03T23:22:00+08:00,Clementi ActiveSG Gym,closed,,Closed,"{""id"":""EcBGtBDRSadwhso2WV0Tk"",""name"":""Clementi ActiveSG Gym"",""capacityPercentage"":0,""type"":""gym"",""isClosed"":true}",api_response
2026-06-03T15:26:58+00:00,2026-06-03T23:26:00+08:00,Clementi ActiveSG Gym,closed,,Closed,"{""id"":""EcBGtBDRSadwhso2WV0Tk"",""name"":""Clementi ActiveSG Gym"",""capacityPercentage"":0,""type"":""gym"",""isClosed"":true}",api_response
2026-06-03T18:36:11+00:00,2026-06-04T02:36:00+08:00,Clementi ActiveSG Gym,closed,,Closed,"{""id"":""EcBGtBDRSadwhso2WV0Tk"",""name"":""Clementi ActiveSG Gym"",""capacityPercentage"":0,""type"":""gym"",""isClosed"":true}",api_response
2026-06-04T01:49:09+00:00,2026-06-04T09:49:00+08:00,Clementi ActiveSG Gym,open,42,42% full,"{""id"":""EcBGtBDRSadwhso2WV0Tk"",""name"":""Clementi ActiveSG Gym"",""capacityPercentage"":42,""type"":""gym"",""isClosed"":false}",api_response
2026-06-04T02:08:03+00:00,2026-06-04T10:08:00+08:00,Clementi ActiveSG Gym,open,40,40% full,"{""id"":""EcBGtBDRSadwhso2WV0Tk"",""name"":""Clementi ActiveSG Gym"",""capacityPercentage"":40,""type"":""gym"",""isClosed"":false}",api_response
2026-06-04T02:13:11+00:00,2026-06-04T10:13:00+08:00,Clementi ActiveSG Gym,open,44,44% full,"{""id"":""EcBGtBDRSadwhso2WV0Tk"",""name"":""Clementi ActiveSG Gym"",""capacityPercentage"":44,""type"":""gym"",""isClosed"":false}",api_response
2026-06-04T02:20:30+00:00,2026-06-04T10:20:00+08:00,Clementi ActiveSG Gym,open,45,45% full,"{""id"":""EcBGtBDRSadwhso2WV0Tk"",""name"":""Clementi ActiveSG Gym"",""capacityPercentage"":45,""type"":""gym"",""isClosed"":false}",api_response
2026-06-04T06:57:43+00:00,2026-06-04T14:57:00+08:00,Clementi ActiveSG Gym,open,56,56% full,"{""id"":""EcBGtBDRSadwhso2WV0Tk"",""name"":""Clementi ActiveSG Gym"",""capacityPercentage"":56,""type"":""gym"",""isClosed"":false}",api_response
2026-06-04T07:11:55+00:00,2026-06-04T15:11:00+08:00,Clementi ActiveSG Gym,open,57,57% full,"{""id"":""EcBGtBDRSadwhso2WV0Tk"",""name"":""Clementi ActiveSG Gym"",""capacityPercentage"":57,""type"":""gym"",""isClosed"":false}",api_response
2026-06-04T08:43:35+00:00,2026-06-04T16:43:00+08:00,Clementi ActiveSG Gym,open,55,55% full,"{""id"":""EcBGtBDRSadwhso2WV0Tk"",""name"":""Clementi ActiveSG Gym"",""capacityPercentage"":55,""type"":""gym"",""isClosed"":false}",api_response
2026-06-04T13:51:48+00:00,2026-06-04T21:51:00+08:00,Clementi ActiveSG Gym,open,0,0% full,"{""id"":""EcBGtBDRSadwhso2WV0Tk"",""name"":""Clementi ActiveSG Gym"",""capacityPercentage"":0,""type"":""gym"",""isClosed"":false}",api_response
2026-06-04T14:11:29+00:00,2026-06-04T22:11:00+08:00,Clementi ActiveSG Gym,closed,,Closed,"{""id"":""EcBGtBDRSadwhso2WV0Tk"",""name"":""Clementi ActiveSG Gym"",""capacityPercentage"":0,""type"":""gym"",""isClosed"":true}",api_response
2026-06-04T14:15:01+00:00,2026-06-04T22:14:00+08:00,Clementi ActiveSG Gym,closed,,Closed,"{""id"":""EcBGtBDRSadwhso2WV0Tk"",""name"":""Clementi ActiveSG Gym"",""capacityPercentage"":0,""type"":""gym"",""isClosed"":true}",api_response
2026-06-04T16:41:09+00:00,2026-06-05T00:41:00+08:00,Clementi ActiveSG Gym,closed,,Closed,"{""id"":""EcBGtBDRSadwhso2WV0Tk"",""name"":""Clementi ActiveSG Gym"",""capacityPercentage"":0,""type"":""gym"",""isClosed"":true}",api_response
2026-06-05T01:31:42+00:00,2026-06-05T09:31:00+08:00,Clementi ActiveSG Gym,open,55,55% full,"{""id"":""EcBGtBDRSadwhso2WV0Tk"",""name"":""Clementi ActiveSG Gym"",""capacityPercentage"":55,""type"":""gym"",""isClosed"":false}",api_response
2026-06-05T01:38:52+00:00,2026-06-05T09:38:00+08:00,Clementi ActiveSG Gym,open,57,57% full,"{""id"":""EcBGtBDRSadwhso2WV0Tk"",""name"":""Clementi ActiveSG Gym"",""capacityPercentage"":57,""type"":""gym"",""isClosed"":false}",api_response
2026-06-05T01:57:32+00:00,2026-06-05T09:57:00+08:00,Clementi ActiveSG Gym,open,48,48% full,"{""id"":""EcBGtBDRSadwhso2WV0Tk"",""name"":""Clementi ActiveSG Gym"",""capacityPercentage"":48,""type"":""gym"",""isClosed"":false}",api_response
2026-06-05T06:19:18+00:00,2026-06-05T14:19:00+08:00,Clementi ActiveSG Gym,open,45,45% full,"{""id"":""EcBGtBDRSadwhso2WV0Tk"",""name"":""Clementi ActiveSG Gym"",""capacityPercentage"":45,""type"":""gym"",""isClosed"":false}",api_response
2026-06-05T06:44:29+00:00,2026-06-05T14:44:00+08:00,Clementi ActiveSG Gym,open,53,53% full,"{""id"":""EcBGtBDRSadwhso2WV0Tk"",""name"":""Clementi ActiveSG Gym"",""capacityPercentage"":53,""type"":""gym"",""isClosed"":false}",api_response
2026-06-05T06:50:47+00:00,2026-06-05T14:50:00+08:00,Clementi ActiveSG Gym,open,59,59% full,"{""id"":""EcBGtBDRSadwhso2WV0Tk"",""name"":""Clementi ActiveSG Gym"",""capacityPercentage"":59,""type"":""gym"",""isClosed"":false}",api_response
2026-06-05T10:56:12+00:00,2026-06-05T18:56:00+08:00,Clementi ActiveSG Gym,open,55,55% full,"{""id"":""EcBGtBDRSadwhso2WV0Tk"",""name"":""Clementi ActiveSG Gym"",""capacityPercentage"":55,""type"":""gym"",""isClosed"":false}",api_response
2026-06-05T13:46:20+00:00,2026-06-05T21:46:00+08:00,Clementi ActiveSG Gym,open,0,0% full,"{""id"":""EcBGtBDRSadwhso2WV0Tk"",""name"":""Clementi ActiveSG Gym"",""capacityPercentage"":0,""type"":""gym"",""isClosed"":false}",api_response
2026-06-05T14:04:40+00:00,2026-06-05T22:04:00+08:00,Clementi ActiveSG Gym,closed,,Closed,"{""id"":""EcBGtBDRSadwhso2WV0Tk"",""name"":""Clementi ActiveSG Gym"",""capacityPercentage"":0,""type"":""gym"",""isClosed"":true}",api_response
2026-06-05T14:08:33+00:00,2026-06-05T22:08:00+08:00,Clementi ActiveSG Gym,closed,,Closed,"{""id"":""EcBGtBDRSadwhso2WV0Tk"",""name"":""Clementi ActiveSG Gym"",""capacityPercentage"":0,""type"":""gym"",""isClosed"":true}",api_response
2026-06-05T16:24:01+00:00,2026-06-06T00:24:00+08:00,Clementi ActiveSG Gym,closed,,Closed,"{""id"":""EcBGtBDRSadwhso2WV0Tk"",""name"":""Clementi ActiveSG Gym"",""capacityPercentage"":0,""type"":""gym"",""isClosed"":true}",api_response
2026-06-05T16:43:13+00:00,2026-06-06T00:43:00+08:00,Clementi ActiveSG Gym,closed,,Closed,"{""id"":""EcBGtBDRSadwhso2WV0Tk"",""name"":""Clementi ActiveSG Gym"",""capacityPercentage"":0,""type"":""gym"",""isClosed"":true}",api_response
2026-06-06T00:20:40+00:00,2026-06-06T08:20:00+08:00,Clementi ActiveSG Gym,open,29,29% full,"{""id"":""EcBGtBDRSadwhso2WV0Tk"",""name"":""Clementi ActiveSG Gym"",""capacityPercentage"":29,""type"":""gym"",""isClosed"":false}",api_response
2026-06-06T01:30:29+00:00,2026-06-06T09:30:00+08:00,Clementi ActiveSG Gym,open,46,46% full,"{""id"":""EcBGtBDRSadwhso2WV0Tk"",""name"":""Clementi ActiveSG Gym"",""capacityPercentage"":46,""type"":""gym"",""isClosed"":false}",api_response
2026-06-06T01:49:01+00:00,2026-06-06T09:49:00+08:00,Clementi ActiveSG Gym,open,41,41% full,"{""id"":""EcBGtBDRSadwhso2WV0Tk"",""name"":""Clementi ActiveSG Gym"",""capacityPercentage"":41,""type"":""gym"",""isClosed"":false}",api_response
2026-06-06T05:05:58+00:00,2026-06-06T13:05:00+08:00,Clementi ActiveSG Gym,open,39,39% full,"{""id"":""EcBGtBDRSadwhso2WV0Tk"",""name"":""Clementi ActiveSG Gym"",""capacityPercentage"":39,""type"":""gym"",""isClosed"":false}",api_response
2026-06-06T05:32:45+00:00,2026-06-06T13:32:00+08:00,Clementi ActiveSG Gym,open,51,51% full,"{""id"":""EcBGtBDRSadwhso2WV0Tk"",""name"":""Clementi ActiveSG Gym"",""capacityPercentage"":51,""type"":""gym"",""isClosed"":false}",api_response
2026-06-06T05:43:36+00:00,2026-06-06T13:43:00+08:00,Clementi ActiveSG Gym,open,54,54% full,"{""id"":""EcBGtBDRSadwhso2WV0Tk"",""name"":""Clementi ActiveSG Gym"",""capacityPercentage"":54,""type"":""gym"",""isClosed"":false}",api_response
2026-06-06T10:23:27+00:00,2026-06-06T18:23:00+08:00,Clementi ActiveSG Gym,open,60,60% full,"{""id"":""EcBGtBDRSadwhso2WV0Tk"",""name"":""Clementi ActiveSG Gym"",""capacityPercentage"":60,""type"":""gym"",""isClosed"":false}",api_response
2026-06-07T02:02:08+00:00,2026-06-07T10:02:00+08:00,Clementi ActiveSG Gym,open,49,49% full,"{""id"":""EcBGtBDRSadwhso2WV0Tk"",""name"":""Clementi ActiveSG Gym"",""capacityPercentage"":49,""type"":""gym"",""isClosed"":false}",api_response
2026-06-07T14:21:35+00:00,2026-06-07T22:21:00+08:00,Clementi ActiveSG Gym,closed,,Closed,"{""id"":""EcBGtBDRSadwhso2WV0Tk"",""name"":""Clementi ActiveSG Gym"",""capacityPercentage"":0,""type"":""gym"",""isClosed"":true}",api_response
2026-06-08T01:35:31+00:00,2026-06-08T09:35:00+08:00,Clementi ActiveSG Gym,open,65,65% full,"{""id"":""EcBGtBDRSadwhso2WV0Tk"",""name"":""Clementi ActiveSG Gym"",""capacityPercentage"":65,""type"":""gym"",""isClosed"":false}",api_response
2026-06-08T01:42:03+00:00,2026-06-08T09:42:00+08:00,Clementi ActiveSG Gym,open,67,67% full,"{""id"":""EcBGtBDRSadwhso2WV0Tk"",""name"":""Clementi ActiveSG Gym"",""capacityPercentage"":67,""type"":""gym"",""isClosed"":false}",api_response
2026-06-09T01:28:41+00:00,2026-06-09T09:28:00+08:00,Clementi ActiveSG Gym,open,38,38% full,"{""id"":""EcBGtBDRSadwhso2WV0Tk"",""name"":""Clementi ActiveSG Gym"",""capacityPercentage"":38,""type"":""gym"",""isClosed"":false}",api_response
2026-06-09T01:45:21+00:00,2026-06-09T09:45:00+08:00,Clementi ActiveSG Gym,open,39,39% full,"{""id"":""EcBGtBDRSadwhso2WV0Tk"",""name"":""Clementi ActiveSG Gym"",""capacityPercentage"":39,""type"":""gym"",""isClosed"":false}",api_response
2026-06-09T04:40:22+00:00,2026-06-09T12:40:00+08:00,Clementi ActiveSG Gym,open,51,51% full,"{""id"":""EcBGtBDRSadwhso2WV0Tk"",""name"":""Clementi ActiveSG Gym"",""capacityPercentage"":51,""type"":""gym"",""isClosed"":false}",api_response
2026-06-09T05:48:06+00:00,2026-06-09T13:48:00+08:00,Clementi ActiveSG Gym,open,59,59% full,"{""id"":""EcBGtBDRSadwhso2WV0Tk"",""name"":""Clementi ActiveSG Gym"",""capacityPercentage"":59,""type"":""gym"",""isClosed"":false}",api_response
2026-06-09T05:56:08+00:00,2026-06-09T13:56:00+08:00,Clementi ActiveSG Gym,open,66,66% full,"{""id"":""EcBGtBDRSadwhso2WV0Tk"",""name"":""Clementi ActiveSG Gym"",""capacityPercentage"":66,""type"":""gym"",""isClosed"":false}",api_response
2026-06-10T01:32:16+00:00,2026-06-10T09:32:00+08:00,Clementi ActiveSG Gym,open,65,65% full,"{""id"":""EcBGtBDRSadwhso2WV0Tk"",""name"":""Clementi ActiveSG Gym"",""capacityPercentage"":65,""type"":""gym"",""isClosed"":false}",api_response
2026-06-10T11:05:29+00:00,2026-06-10T19:05:00+08:00,Clementi ActiveSG Gym,open,91,91% full,"{""id"":""EcBGtBDRSadwhso2WV0Tk"",""name"":""Clementi ActiveSG Gym"",""capacityPercentage"":91,""type"":""gym"",""isClosed"":false}",api_response
2026-06-10T14:30:37+00:00,2026-06-10T22:30:00+08:00,Clementi ActiveSG Gym,closed,,Closed,"{""id"":""EcBGtBDRSadwhso2WV0Tk"",""name"":""Clementi ActiveSG Gym"",""capacityPercentage"":0,""type"":""gym"",""isClosed"":true}",api_response
2026-06-11T01:42:07+00:00,2026-06-11T09:42:00+08:00,Clementi ActiveSG Gym,open,46,46% full,"{""id"":""EcBGtBDRSadwhso2WV0Tk"",""name"":""Clementi ActiveSG Gym"",""capacityPercentage"":46,""type"":""gym"",""isClosed"":false}",api_response
2026-06-11T02:02:15+00:00,2026-06-11T10:02:00+08:00,Clementi ActiveSG Gym,open,46,46% full,"{""id"":""EcBGtBDRSadwhso2WV0Tk"",""name"":""Clementi ActiveSG Gym"",""capacityPercentage"":46,""type"":""gym"",""isClosed"":false}",api_response
2026-06-11T07:16:12+00:00,2026-06-11T15:16:00+08:00,Clementi ActiveSG Gym,open,54,54% full,"{""id"":""EcBGtBDRSadwhso2WV0Tk"",""name"":""Clementi ActiveSG Gym"",""capacityPercentage"":54,""type"":""gym"",""isClosed"":false}",api_response
2026-06-11T07:19:23+00:00,2026-06-11T15:19:00+08:00,Clementi ActiveSG Gym,open,52,52% full,"{""id"":""EcBGtBDRSadwhso2WV0Tk"",""name"":""Clementi ActiveSG Gym"",""capacityPercentage"":52,""type"":""gym"",""isClosed"":false}",api_response
2026-06-11T16:29:42+00:00,2026-06-12T00:29:00+08:00,Clementi ActiveSG Gym,closed,,Closed,"{""id"":""EcBGtBDRSadwhso2WV0Tk"",""name"":""Clementi ActiveSG Gym"",""capacityPercentage"":0,""type"":""gym"",""isClosed"":true}",api_response
2026-06-11T16:38:06+00:00,2026-06-12T00:38:00+08:00,Clementi ActiveSG Gym,closed,,Closed,"{""id"":""EcBGtBDRSadwhso2WV0Tk"",""name"":""Clementi ActiveSG Gym"",""capacityPercentage"":0,""type"":""gym"",""isClosed"":true}",api_response
2026-06-11T16:42:49+00:00,2026-06-12T00:42:00+08:00,Clementi ActiveSG Gym,closed,,Closed,"{""id"":""EcBGtBDRSadwhso2WV0Tk"",""name"":""Clementi ActiveSG Gym"",""capacityPercentage"":0,""type"":""gym"",""isClosed"":true}",api_response
2026-06-12T02:02:51+00:00,2026-06-12T10:02:00+08:00,Clementi ActiveSG Gym,open,63,63% full,"{""id"":""EcBGtBDRSadwhso2WV0Tk"",""name"":""Clementi ActiveSG Gym"",""capacityPercentage"":63,""type"":""gym"",""isClosed"":false}",api_response
2026-06-12T07:05:53+00:00,2026-06-12T15:05:00+08:00,Clementi ActiveSG Gym,open,44,44% full,"{""id"":""EcBGtBDRSadwhso2WV0Tk"",""name"":""Clementi ActiveSG Gym"",""capacityPercentage"":44,""type"":""gym"",""isClosed"":false}",api_response
2026-06-12T11:10:49+00:00,2026-06-12T19:10:00+08:00,Clementi ActiveSG Gym,open,62,62% full,"{""id"":""EcBGtBDRSadwhso2WV0Tk"",""name"":""Clementi ActiveSG Gym"",""capacityPercentage"":62,""type"":""gym"",""isClosed"":false}",api_response
2026-06-13T09:48:36+00:00,2026-06-13T17:48:00+08:00,Clementi ActiveSG Gym,open,55,55% full,"{""id"":""EcBGtBDRSadwhso2WV0Tk"",""name"":""Clementi ActiveSG Gym"",""capacityPercentage"":55,""type"":""gym"",""isClosed"":false}",api_response
2026-06-15T07:40:53+00:00,2026-06-15T15:40:00+08:00,Clementi ActiveSG Gym,open,72,72% full,"{""id"":""EcBGtBDRSadwhso2WV0Tk"",""name"":""Clementi ActiveSG Gym"",""capacityPercentage"":72,""type"":""gym"",""isClosed"":false}",api_response
2026-06-15T08:38:07+00:00,2026-06-15T16:38:00+08:00,Clementi ActiveSG Gym,open,71,71% full,"{""id"":""EcBGtBDRSadwhso2WV0Tk"",""name"":""Clementi ActiveSG Gym"",""capacityPercentage"":71,""type"":""gym"",""isClosed"":false}",api_response
2026-06-15T08:43:59+00:00,2026-06-15T16:43:00+08:00,Clementi ActiveSG Gym,open,72,72% full,"{""id"":""EcBGtBDRSadwhso2WV0Tk"",""name"":""Clementi ActiveSG Gym"",""capacityPercentage"":72,""type"":""gym"",""isClosed"":false}",api_response
2026-06-15T15:28:34+00:00,2026-06-15T23:28:00+08:00,Clementi ActiveSG Gym,closed,,Closed,"{""id"":""EcBGtBDRSadwhso2WV0Tk"",""name"":""Clementi ActiveSG Gym"",""capacityPercentage"":0,""type"":""gym"",""isClosed"":true}",api_response
2026-06-16T08:35:46+00:00,2026-06-16T16:35:00+08:00,Clementi ActiveSG Gym,open,47,47% full,"{""id"":""EcBGtBDRSadwhso2WV0Tk"",""name"":""Clementi ActiveSG Gym"",""capacityPercentage"":47,""type"":""gym"",""isClosed"":false}",api_response
2026-06-16T18:18:43+00:00,2026-06-17T02:18:00+08:00,Clementi ActiveSG Gym,closed,,Closed,"{""id"":""EcBGtBDRSadwhso2WV0Tk"",""name"":""Clementi ActiveSG Gym"",""capacityPercentage"":0,""type"":""gym"",""isClosed"":true}",api_response
2026-06-17T01:43:34+00:00,2026-06-17T09:43:00+08:00,Clementi ActiveSG Gym,open,49,49% full,"{""id"":""EcBGtBDRSadwhso2WV0Tk"",""name"":""Clementi ActiveSG Gym"",""capacityPercentage"":49,""type"":""gym"",""isClosed"":false}",api_response
2026-06-17T02:04:08+00:00,2026-06-17T10:04:00+08:00,Clementi ActiveSG Gym,open,46,46% full,"{""id"":""EcBGtBDRSadwhso2WV0Tk"",""name"":""Clementi ActiveSG Gym"",""capacityPercentage"":46,""type"":""gym"",""isClosed"":false}",api_response
2026-06-17T08:16:56+00:00,2026-06-17T16:16:00+08:00,Clementi ActiveSG Gym,open,52,52% full,"{""id"":""EcBGtBDRSadwhso2WV0Tk"",""name"":""Clementi ActiveSG Gym"",""capacityPercentage"":52,""type"":""gym"",""isClosed"":false}",api_response
2026-06-17T12:42:55+00:00,2026-06-17T20:42:00+08:00,Clementi ActiveSG Gym,open,62,62% full,"{""id"":""EcBGtBDRSadwhso2WV0Tk"",""name"":""Clementi ActiveSG Gym"",""capacityPercentage"":62,""type"":""gym"",""isClosed"":false}",api_response
2026-06-17T16:45:06+00:00,2026-06-18T00:45:00+08:00,Clementi ActiveSG Gym,closed,,Closed,"{""id"":""EcBGtBDRSadwhso2WV0Tk"",""name"":""Clementi ActiveSG Gym"",""capacityPercentage"":0,""type"":""gym"",""isClosed"":true}",api_response
2026-06-18T02:03:04+00:00,2026-06-18T10:03:00+08:00,Clementi ActiveSG Gym,open,61,61% full,"{""id"":""EcBGtBDRSadwhso2WV0Tk"",""name"":""Clementi ActiveSG Gym"",""capacityPercentage"":61,""type"":""gym"",""isClosed"":false}",api_response
2026-06-18T02:07:05+00:00,2026-06-18T10:07:00+08:00,Clementi ActiveSG Gym,open,65,65% full,"{""id"":""EcBGtBDRSadwhso2WV0Tk"",""name"":""Clementi ActiveSG Gym"",""capacityPercentage"":65,""type"":""gym"",""isClosed"":false}",api_response
2026-06-18T07:10:23+00:00,2026-06-18T15:10:00+08:00,Clementi ActiveSG Gym,open,56,56% full,"{""id"":""EcBGtBDRSadwhso2WV0Tk"",""name"":""Clementi ActiveSG Gym"",""capacityPercentage"":56,""type"":""gym"",""isClosed"":false}",api_response
2026-06-18T11:41:16+00:00,2026-06-18T19:41:00+08:00,Clementi ActiveSG Gym,open,74,74% full,"{""id"":""EcBGtBDRSadwhso2WV0Tk"",""name"":""Clementi ActiveSG Gym"",""capacityPercentage"":74,""type"":""gym"",""isClosed"":false}",api_response
2026-06-18T14:36:17+00:00,2026-06-18T22:36:00+08:00,Clementi ActiveSG Gym,closed,,Closed,"{""id"":""EcBGtBDRSadwhso2WV0Tk"",""name"":""Clementi ActiveSG Gym"",""capacityPercentage"":0,""type"":""gym"",""isClosed"":true}",api_response
2026-06-19T02:07:19+00:00,2026-06-19T10:07:00+08:00,Clementi ActiveSG Gym,open,57,57% full,"{""id"":""EcBGtBDRSadwhso2WV0Tk"",""name"":""Clementi ActiveSG Gym"",""capacityPercentage"":57,""type"":""gym"",""isClosed"":false}",api_response
2026-06-19T02:19:50+00:00,2026-06-19T10:19:00+08:00,Clementi ActiveSG Gym,open,58,58% full,"{""id"":""EcBGtBDRSadwhso2WV0Tk"",""name"":""Clementi ActiveSG Gym"",""capacityPercentage"":58,""type"":""gym"",""isClosed"":false}",api_response
2026-06-19T02:34:53+00:00,2026-06-19T10:34:00+08:00,Clementi ActiveSG Gym,open,49,49% full,"{""id"":""EcBGtBDRSadwhso2WV0Tk"",""name"":""Clementi ActiveSG Gym"",""capacityPercentage"":49,""type"":""gym"",""isClosed"":false}",api_response
2026-06-19T07:41:12+00:00,2026-06-19T15:41:00+08:00,Clementi ActiveSG Gym,open,44,44% full,"{""id"":""EcBGtBDRSadwhso2WV0Tk"",""name"":""Clementi ActiveSG Gym"",""capacityPercentage"":44,""type"":""gym"",""isClosed"":false}",api_response
2026-06-19T16:19:00+00:00,2026-06-20T00:18:00+08:00,Clementi ActiveSG Gym,closed,,Closed,"{""id"":""EcBGtBDRSadwhso2WV0Tk"",""name"":""Clementi ActiveSG Gym"",""capacityPercentage"":0,""type"":""gym"",""isClosed"":true}",api_response
2026-06-20T01:29:33+00:00,2026-06-20T09:29:00+08:00,Clementi ActiveSG Gym,open,36,36% full,"{""id"":""EcBGtBDRSadwhso2WV0Tk"",""name"":""Clementi ActiveSG Gym"",""capacityPercentage"":36,""type"":""gym"",""isClosed"":false}",api_response
2026-06-20T01:37:25+00:00,2026-06-20T09:37:00+08:00,Clementi ActiveSG Gym,open,36,36% full,"{""id"":""EcBGtBDRSadwhso2WV0Tk"",""name"":""Clementi ActiveSG Gym"",""capacityPercentage"":36,""type"":""gym"",""isClosed"":false}",api_response
2026-06-20T01:57:07+00:00,2026-06-20T09:57:00+08:00,Clementi ActiveSG Gym,open,43,43% full,"{""id"":""EcBGtBDRSadwhso2WV0Tk"",""name"":""Clementi ActiveSG Gym"",""capacityPercentage"":43,""type"":""gym"",""isClosed"":false}",api_response
2026-06-20T06:00:29+00:00,2026-06-20T14:00:00+08:00,Clementi ActiveSG Gym,open,24,24% full,"{""id"":""EcBGtBDRSadwhso2WV0Tk"",""name"":""Clementi ActiveSG Gym"",""capacityPercentage"":24,""type"":""gym"",""isClosed"":false}",api_response
2026-06-20T06:17:12+00:00,2026-06-20T14:17:00+08:00,Clementi ActiveSG Gym,open,28,28% full,"{""id"":""EcBGtBDRSadwhso2WV0Tk"",""name"":""Clementi ActiveSG Gym"",""capacityPercentage"":28,""type"":""gym"",""isClosed"":false}",api_response
2026-06-20T06:42:10+00:00,2026-06-20T14:42:00+08:00,Clementi ActiveSG Gym,open,41,41% full,"{""id"":""EcBGtBDRSadwhso2WV0Tk"",""name"":""Clementi ActiveSG Gym"",""capacityPercentage"":41,""type"":""gym"",""isClosed"":false}",api_response
2026-06-20T15:26:19+00:00,2026-06-20T23:26:00+08:00,Clementi ActiveSG Gym,closed,,Closed,"{""id"":""EcBGtBDRSadwhso2WV0Tk"",""name"":""Clementi ActiveSG Gym"",""capacityPercentage"":0,""type"":""gym"",""isClosed"":true}",api_response
2026-06-21T01:40:58+00:00,2026-06-21T09:40:00+08:00,Clementi ActiveSG Gym,open,46,46% full,"{""id"":""EcBGtBDRSadwhso2WV0Tk"",""name"":""Clementi ActiveSG Gym"",""capacityPercentage"":46,""type"":""gym"",""isClosed"":false}",api_response
2026-06-21T02:08:45+00:00,2026-06-21T10:08:00+08:00,Clementi ActiveSG Gym,open,44,44% full,"{""id"":""EcBGtBDRSadwhso2WV0Tk"",""name"":""Clementi ActiveSG Gym"",""capacityPercentage"":44,""type"":""gym"",""isClosed"":false}",api_response
2026-06-21T16:12:22+00:00,2026-06-22T00:12:00+08:00,Clementi ActiveSG Gym,closed,,Closed,"{""id"":""EcBGtBDRSadwhso2WV0Tk"",""name"":""Clementi ActiveSG Gym"",""capacityPercentage"":0,""type"":""gym"",""isClosed"":true}",api_response
2026-06-22T01:42:19+00:00,2026-06-22T09:42:00+08:00,Clementi ActiveSG Gym,open,69,69% full,"{""id"":""EcBGtBDRSadwhso2WV0Tk"",""name"":""Clementi ActiveSG Gym"",""capacityPercentage"":69,""type"":""gym"",""isClosed"":false}",api_response
2026-06-22T02:12:24+00:00,2026-06-22T10:12:00+08:00,Clementi ActiveSG Gym,open,64,64% full,"{""id"":""EcBGtBDRSadwhso2WV0Tk"",""name"":""Clementi ActiveSG Gym"",""capacityPercentage"":64,""type"":""gym"",""isClosed"":false}",api_response
2026-06-22T07:43:02+00:00,2026-06-22T15:43:00+08:00,Clementi ActiveSG Gym,open,72,72% full,"{""id"":""EcBGtBDRSadwhso2WV0Tk"",""name"":""Clementi ActiveSG Gym"",""capacityPercentage"":72,""type"":""gym"",""isClosed"":false}",api_response
2026-06-22T18:38:12+00:00,2026-06-23T02:38:00+08:00,Clementi ActiveSG Gym,closed,,Closed,"{""id"":""EcBGtBDRSadwhso2WV0Tk"",""name"":""Clementi ActiveSG Gym"",""capacityPercentage"":0,""type"":""gym"",""isClosed"":true}",api_response
2026-06-23T01:51:43+00:00,2026-06-23T09:51:00+08:00,Clementi ActiveSG Gym,open,42,42% full,"{""id"":""EcBGtBDRSadwhso2WV0Tk"",""name"":""Clementi ActiveSG Gym"",""capacityPercentage"":42,""type"":""gym"",""isClosed"":false}",api_response
2026-06-23T05:55:51+00:00,2026-06-23T13:55:00+08:00,Clementi ActiveSG Gym,open,29,29% full,"{""id"":""EcBGtBDRSadwhso2WV0Tk"",""name"":""Clementi ActiveSG Gym"",""capacityPercentage"":29,""type"":""gym"",""isClosed"":false}",api_response
2026-06-23T10:12:15+00:00,2026-06-23T18:12:00+08:00,Clementi ActiveSG Gym,open,59,59% full,"{""id"":""EcBGtBDRSadwhso2WV0Tk"",""name"":""Clementi ActiveSG Gym"",""capacityPercentage"":59,""type"":""gym"",""isClosed"":false}",api_response
2026-06-24T01:27:06+00:00,2026-06-24T09:27:00+08:00,Clementi ActiveSG Gym,open,47,47% full,"{""id"":""EcBGtBDRSadwhso2WV0Tk"",""name"":""Clementi ActiveSG Gym"",""capacityPercentage"":47,""type"":""gym"",""isClosed"":false}",api_response
2026-06-24T01:49:40+00:00,2026-06-24T09:49:00+08:00,Clementi ActiveSG Gym,open,54,54% full,"{""id"":""EcBGtBDRSadwhso2WV0Tk"",""name"":""Clementi ActiveSG Gym"",""capacityPercentage"":54,""type"":""gym"",""isClosed"":false}",api_response
2026-06-24T05:43:47+00:00,2026-06-24T13:43:00+08:00,Clementi ActiveSG Gym,open,40,40% full,"{""id"":""EcBGtBDRSadwhso2WV0Tk"",""name"":""Clementi ActiveSG Gym"",""capacityPercentage"":40,""type"":""gym"",""isClosed"":false}",api_response
2026-06-25T01:28:00+00:00,2026-06-25T09:27:00+08:00,Clementi ActiveSG Gym,open,38,38% full,"{""id"":""EcBGtBDRSadwhso2WV0Tk"",""name"":""Clementi ActiveSG Gym"",""capacityPercentage"":38,""type"":""gym"",""isClosed"":false}",api_response
2026-06-25T05:45:45+00:00,2026-06-25T13:45:00+08:00,Clementi ActiveSG Gym,open,43,43% full,"{""id"":""EcBGtBDRSadwhso2WV0Tk"",""name"":""Clementi ActiveSG Gym"",""capacityPercentage"":43,""type"":""gym"",""isClosed"":false}",api_response
2026-06-25T05:54:37+00:00,2026-06-25T13:54:00+08:00,Clementi ActiveSG Gym,open,45,45% full,"{""id"":""EcBGtBDRSadwhso2WV0Tk"",""name"":""Clementi ActiveSG Gym"",""capacityPercentage"":45,""type"":""gym"",""isClosed"":false}",api_response
2026-06-25T08:43:39+00:00,2026-06-25T16:43:00+08:00,Clementi ActiveSG Gym,open,52,52% full,"{""id"":""EcBGtBDRSadwhso2WV0Tk"",""name"":""Clementi ActiveSG Gym"",""capacityPercentage"":52,""type"":""gym"",""isClosed"":false}",api_response
2026-06-25T09:54:09+00:00,2026-06-25T17:54:00+08:00,Clementi ActiveSG Gym,open,67,67% full,"{""id"":""EcBGtBDRSadwhso2WV0Tk"",""name"":""Clementi ActiveSG Gym"",""capacityPercentage"":67,""type"":""gym"",""isClosed"":false}",api_response
2026-06-25T11:30:05+00:00,2026-06-25T19:30:00+08:00,Clementi ActiveSG Gym,open,81,81% full,"{""id"":""EcBGtBDRSadwhso2WV0Tk"",""name"":""Clementi ActiveSG Gym"",""capacityPercentage"":81,""type"":""gym"",""isClosed"":false}",api_response
2026-06-25T13:27:49+00:00,2026-06-25T21:27:00+08:00,Clementi ActiveSG Gym,open,73,73% full,"{""id"":""EcBGtBDRSadwhso2WV0Tk"",""name"":""Clementi ActiveSG Gym"",""capacityPercentage"":73,""type"":""gym"",""isClosed"":false}",api_response
2026-06-25T16:03:40+00:00,2026-06-26T00:03:00+08:00,Clementi ActiveSG Gym,closed,,Closed,"{""id"":""EcBGtBDRSadwhso2WV0Tk"",""name"":""Clementi ActiveSG Gym"",""capacityPercentage"":0,""type"":""gym"",""isClosed"":true}",api_response
2026-06-25T16:11:46+00:00,2026-06-26T00:11:00+08:00,Clementi ActiveSG Gym,closed,,Closed,"{""id"":""EcBGtBDRSadwhso2WV0Tk"",""name"":""Clementi ActiveSG Gym"",""capacityPercentage"":0,""type"":""gym"",""isClosed"":true}",api_response
2026-06-25T16:36:46+00:00,2026-06-26T00:36:00+08:00,Clementi ActiveSG Gym,closed,,Closed,"{""id"":""EcBGtBDRSadwhso2WV0Tk"",""name"":""Clementi ActiveSG Gym"",""capacityPercentage"":0,""type"":""gym"",""isClosed"":true}",api_response
2026-06-26T01:55:37+00:00,2026-06-26T09:55:00+08:00,Clementi ActiveSG Gym,open,61,61% full,"{""id"":""EcBGtBDRSadwhso2WV0Tk"",""name"":""Clementi ActiveSG Gym"",""capacityPercentage"":61,""type"":""gym"",""isClosed"":false}",api_response
2026-06-26T06:03:12+00:00,2026-06-26T14:03:00+08:00,Clementi ActiveSG Gym,open,55,55% full,"{""id"":""EcBGtBDRSadwhso2WV0Tk"",""name"":""Clementi ActiveSG Gym"",""capacityPercentage"":55,""type"":""gym"",""isClosed"":false}",api_response
2026-06-26T06:36:39+00:00,2026-06-26T14:36:00+08:00,Clementi ActiveSG Gym,open,42,42% full,"{""id"":""EcBGtBDRSadwhso2WV0Tk"",""name"":""Clementi ActiveSG Gym"",""capacityPercentage"":42,""type"":""gym"",""isClosed"":false}",api_response
2026-06-26T10:11:20+00:00,2026-06-26T18:11:00+08:00,Clementi ActiveSG Gym,open,68,68% full,"{""id"":""EcBGtBDRSadwhso2WV0Tk"",""name"":""Clementi ActiveSG Gym"",""capacityPercentage"":68,""type"":""gym"",""isClosed"":false}",api_response
2026-06-26T10:29:26+00:00,2026-06-26T18:29:00+08:00,Clementi ActiveSG Gym,open,69,69% full,"{""id"":""EcBGtBDRSadwhso2WV0Tk"",""name"":""Clementi ActiveSG Gym"",""capacityPercentage"":69,""type"":""gym"",""isClosed"":false}",api_response
2026-06-26T16:03:45+00:00,2026-06-27T00:03:00+08:00,Clementi ActiveSG Gym,closed,,Closed,"{""id"":""EcBGtBDRSadwhso2WV0Tk"",""name"":""Clementi ActiveSG Gym"",""capacityPercentage"":0,""type"":""gym"",""isClosed"":true}",api_response
2026-06-26T16:28:35+00:00,2026-06-27T00:28:00+08:00,Clementi ActiveSG Gym,closed,,Closed,"{""id"":""EcBGtBDRSadwhso2WV0Tk"",""name"":""Clementi ActiveSG Gym"",""capacityPercentage"":0,""type"":""gym"",""isClosed"":true}",api_response
2026-06-27T01:30:00+00:00,2026-06-27T09:29:00+08:00,Clementi ActiveSG Gym,open,58,58% full,"{""id"":""EcBGtBDRSadwhso2WV0Tk"",""name"":""Clementi ActiveSG Gym"",""capacityPercentage"":58,""type"":""gym"",""isClosed"":false}",api_response
2026-06-27T01:48:19+00:00,2026-06-27T09:48:00+08:00,Clementi ActiveSG Gym,open,52,52% full,"{""id"":""EcBGtBDRSadwhso2WV0Tk"",""name"":""Clementi ActiveSG Gym"",""capacityPercentage"":52,""type"":""gym"",""isClosed"":false}",api_response
2026-06-27T05:30:41+00:00,2026-06-27T13:30:00+08:00,Clementi ActiveSG Gym,open,39,39% full,"{""id"":""EcBGtBDRSadwhso2WV0Tk"",""name"":""Clementi ActiveSG Gym"",""capacityPercentage"":39,""type"":""gym"",""isClosed"":false}",api_response
2026-06-27T05:41:59+00:00,2026-06-27T13:41:00+08:00,Clementi ActiveSG Gym,open,38,38% full,"{""id"":""EcBGtBDRSadwhso2WV0Tk"",""name"":""Clementi ActiveSG Gym"",""capacityPercentage"":38,""type"":""gym"",""isClosed"":false}",api_response
2026-06-27T06:03:00+00:00,2026-06-27T14:02:00+08:00,Clementi ActiveSG Gym,open,44,44% full,"{""id"":""EcBGtBDRSadwhso2WV0Tk"",""name"":""Clementi ActiveSG Gym"",""capacityPercentage"":44,""type"":""gym"",""isClosed"":false}",api_response
2026-06-27T08:10:22+00:00,2026-06-27T16:10:00+08:00,Clementi ActiveSG Gym,open,54,54% full,"{""id"":""EcBGtBDRSadwhso2WV0Tk"",""name"":""Clementi ActiveSG Gym"",""capacityPercentage"":54,""type"":""gym"",""isClosed"":false}",api_response
2026-06-27T08:20:25+00:00,2026-06-27T16:20:00+08:00,Clementi ActiveSG Gym,open,55,55% full,"{""id"":""EcBGtBDRSadwhso2WV0Tk"",""name"":""Clementi ActiveSG Gym"",""capacityPercentage"":55,""type"":""gym"",""isClosed"":false}",api_response
2026-06-27T08:50:46+00:00,2026-06-27T16:50:00+08:00,Clementi ActiveSG Gym,open,54,54% full,"{""id"":""EcBGtBDRSadwhso2WV0Tk"",""name"":""Clementi ActiveSG Gym"",""capacityPercentage"":54,""type"":""gym"",""isClosed"":false}",api_response
2026-06-27T10:49:35+00:00,2026-06-27T18:49:00+08:00,Clementi ActiveSG Gym,open,54,54% full,"{""id"":""EcBGtBDRSadwhso2WV0Tk"",""name"":""Clementi ActiveSG Gym"",""capacityPercentage"":54,""type"":""gym"",""isClosed"":false}",api_response
2026-06-27T11:04:49+00:00,2026-06-27T19:04:00+08:00,Clementi ActiveSG Gym,open,55,55% full,"{""id"":""EcBGtBDRSadwhso2WV0Tk"",""name"":""Clementi ActiveSG Gym"",""capacityPercentage"":55,""type"":""gym"",""isClosed"":false}",api_response
2026-06-27T12:20:17+00:00,2026-06-27T20:20:00+08:00,Clementi ActiveSG Gym,open,35,35% full,"{""id"":""EcBGtBDRSadwhso2WV0Tk"",""name"":""Clementi ActiveSG Gym"",""capacityPercentage"":35,""type"":""gym"",""isClosed"":false}",api_response
2026-06-27T14:15:17+00:00,2026-06-27T22:15:00+08:00,Clementi ActiveSG Gym,closed,,Closed,"{""id"":""EcBGtBDRSadwhso2WV0Tk"",""name"":""Clementi ActiveSG Gym"",""capacityPercentage"":0,""type"":""gym"",""isClosed"":true}",api_response
2026-06-27T14:19:57+00:00,2026-06-27T22:19:00+08:00,Clementi ActiveSG Gym,closed,,Closed,"{""id"":""EcBGtBDRSadwhso2WV0Tk"",""name"":""Clementi ActiveSG Gym"",""capacityPercentage"":0,""type"":""gym"",""isClosed"":true}",api_response
2026-06-27T14:56:51+00:00,2026-06-27T22:56:00+08:00,Clementi ActiveSG Gym,closed,,Closed,"{""id"":""EcBGtBDRSadwhso2WV0Tk"",""name"":""Clementi ActiveSG Gym"",""capacityPercentage"":0,""type"":""gym"",""isClosed"":true}",api_response
2026-06-27T15:50:17+00:00,2026-06-27T23:50:00+08:00,Clementi ActiveSG Gym,closed,,Closed,"{""id"":""EcBGtBDRSadwhso2WV0Tk"",""name"":""Clementi ActiveSG Gym"",""capacityPercentage"":0,""type"":""gym"",""isClosed"":true}",api_response
2026-06-27T15:56:27+00:00,2026-06-27T23:56:00+08:00,Clementi ActiveSG Gym,closed,,Closed,"{""id"":""EcBGtBDRSadwhso2WV0Tk"",""name"":""Clementi ActiveSG Gym"",""capacityPercentage"":0,""type"":""gym"",""isClosed"":true}",api_response
2026-06-28T00:15:56+00:00,2026-06-28T08:15:00+08:00,Clementi ActiveSG Gym,open,29,29% full,"{""id"":""EcBGtBDRSadwhso2WV0Tk"",""name"":""Clementi ActiveSG Gym"",""capacityPercentage"":29,""type"":""gym"",""isClosed"":false}",api_response
2026-06-28T01:35:38+00:00,2026-06-28T09:35:00+08:00,Clementi ActiveSG Gym,open,45,45% full,"{""id"":""EcBGtBDRSadwhso2WV0Tk"",""name"":""Clementi ActiveSG Gym"",""capacityPercentage"":45,""type"":""gym"",""isClosed"":false}",api_response
2026-06-28T04:55:46+00:00,2026-06-28T12:55:00+08:00,Clementi ActiveSG Gym,open,59,59% full,"{""id"":""EcBGtBDRSadwhso2WV0Tk"",""name"":""Clementi ActiveSG Gym"",""capacityPercentage"":59,""type"":""gym"",""isClosed"":false}",api_response
2026-06-28T05:58:08+00:00,2026-06-28T13:58:00+08:00,Clementi ActiveSG Gym,open,60,60% full,"{""id"":""EcBGtBDRSadwhso2WV0Tk"",""name"":""Clementi ActiveSG Gym"",""capacityPercentage"":60,""type"":""gym"",""isClosed"":false}",api_response
2026-06-28T06:48:00+00:00,2026-06-28T14:47:00+08:00,Clementi ActiveSG Gym,open,60,60% full,"{""id"":""EcBGtBDRSadwhso2WV0Tk"",""name"":""Clementi ActiveSG Gym"",""capacityPercentage"":60,""type"":""gym"",""isClosed"":false}",api_response
2026-06-28T08:29:33+00:00,2026-06-28T16:29:00+08:00,Clementi ActiveSG Gym,open,80,80% full,"{""id"":""EcBGtBDRSadwhso2WV0Tk"",""name"":""Clementi ActiveSG Gym"",""capacityPercentage"":80,""type"":""gym"",""isClosed"":false}",api_response
2026-06-28T09:43:57+00:00,2026-06-28T17:43:00+08:00,Clementi ActiveSG Gym,open,61,61% full,"{""id"":""EcBGtBDRSadwhso2WV0Tk"",""name"":""Clementi ActiveSG Gym"",""capacityPercentage"":61,""type"":""gym"",""isClosed"":false}",api_response
2026-06-28T09:49:32+00:00,2026-06-28T17:49:00+08:00,Clementi ActiveSG Gym,open,62,62% full,"{""id"":""EcBGtBDRSadwhso2WV0Tk"",""name"":""Clementi ActiveSG Gym"",""capacityPercentage"":62,""type"":""gym"",""isClosed"":false}",api_response
2026-06-28T11:17:29+00:00,2026-06-28T19:17:00+08:00,Clementi ActiveSG Gym,open,72,72% full,"{""id"":""EcBGtBDRSadwhso2WV0Tk"",""name"":""Clementi ActiveSG Gym"",""capacityPercentage"":72,""type"":""gym"",""isClosed"":false}",api_response
2026-06-28T11:28:45+00:00,2026-06-28T19:28:00+08:00,Clementi ActiveSG Gym,open,61,61% full,"{""id"":""EcBGtBDRSadwhso2WV0Tk"",""name"":""Clementi ActiveSG Gym"",""capacityPercentage"":61,""type"":""gym"",""isClosed"":false}",api_response
2026-06-28T13:05:48+00:00,2026-06-28T21:05:00+08:00,Clementi ActiveSG Gym,open,39,39% full,"{""id"":""EcBGtBDRSadwhso2WV0Tk"",""name"":""Clementi ActiveSG Gym"",""capacityPercentage"":39,""type"":""gym"",""isClosed"":false}",api_response
2026-06-28T14:24:27+00:00,2026-06-28T22:24:00+08:00,Clementi ActiveSG Gym,closed,,Closed,"{""id"":""EcBGtBDRSadwhso2WV0Tk"",""name"":""Clementi ActiveSG Gym"",""capacityPercentage"":0,""type"":""gym"",""isClosed"":true}",api_response
2026-06-28T14:58:11+00:00,2026-06-28T22:58:00+08:00,Clementi ActiveSG Gym,closed,,Closed,"{""id"":""EcBGtBDRSadwhso2WV0Tk"",""name"":""Clementi ActiveSG Gym"",""capacityPercentage"":0,""type"":""gym"",""isClosed"":true}",api_response
2026-06-28T15:07:25+00:00,2026-06-28T23:07:00+08:00,Clementi ActiveSG Gym,closed,,Closed,"{""id"":""EcBGtBDRSadwhso2WV0Tk"",""name"":""Clementi ActiveSG Gym"",""capacityPercentage"":0,""type"":""gym"",""isClosed"":true}",api_response
2026-06-28T15:52:11+00:00,2026-06-28T23:52:00+08:00,Clementi ActiveSG Gym,closed,,Closed,"{""id"":""EcBGtBDRSadwhso2WV0Tk"",""name"":""Clementi ActiveSG Gym"",""capacityPercentage"":0,""type"":""gym"",""isClosed"":true}",api_response
2026-06-29T00:20:09+00:00,2026-06-29T08:20:00+08:00,Clementi ActiveSG Gym,open,37,37% full,"{""id"":""EcBGtBDRSadwhso2WV0Tk"",""name"":""Clementi ActiveSG Gym"",""capacityPercentage"":37,""type"":""gym"",""isClosed"":false}",api_response
2026-06-29T01:38:02+00:00,2026-06-29T09:38:00+08:00,Clementi ActiveSG Gym,open,41,41% full,"{""id"":""EcBGtBDRSadwhso2WV0Tk"",""name"":""Clementi ActiveSG Gym"",""capacityPercentage"":41,""type"":""gym"",""isClosed"":false}",api_response
2026-06-29T02:00:21+00:00,2026-06-29T10:00:00+08:00,Clementi ActiveSG Gym,open,43,43% full,"{""id"":""EcBGtBDRSadwhso2WV0Tk"",""name"":""Clementi ActiveSG Gym"",""capacityPercentage"":43,""type"":""gym"",""isClosed"":false}",api_response
2026-06-29T07:13:21+00:00,2026-06-29T15:13:00+08:00,Clementi ActiveSG Gym,open,48,48% full,"{""id"":""EcBGtBDRSadwhso2WV0Tk"",""name"":""Clementi ActiveSG Gym"",""capacityPercentage"":48,""type"":""gym"",""isClosed"":false}",api_response
2026-06-29T07:17:31+00:00,2026-06-29T15:17:00+08:00,Clementi ActiveSG Gym,open,48,48% full,"{""id"":""EcBGtBDRSadwhso2WV0Tk"",""name"":""Clementi ActiveSG Gym"",""capacityPercentage"":48,""type"":""gym"",""isClosed"":false}",api_response
2026-06-29T11:24:35+00:00,2026-06-29T19:24:00+08:00,Clementi ActiveSG Gym,open,71,71% full,"{""id"":""EcBGtBDRSadwhso2WV0Tk"",""name"":""Clementi ActiveSG Gym"",""capacityPercentage"":71,""type"":""gym"",""isClosed"":false}",api_response
2026-06-29T12:16:18+00:00,2026-06-29T20:16:00+08:00,Clementi ActiveSG Gym,open,94,94% full,"{""id"":""EcBGtBDRSadwhso2WV0Tk"",""name"":""Clementi ActiveSG Gym"",""capacityPercentage"":94,""type"":""gym"",""isClosed"":false}",api_response
2026-06-29T12:19:33+00:00,2026-06-29T20:19:00+08:00,Clementi ActiveSG Gym,open,92,92% full,"{""id"":""EcBGtBDRSadwhso2WV0Tk"",""name"":""Clementi ActiveSG Gym"",""capacityPercentage"":92,""type"":""gym"",""isClosed"":false}",api_response
2026-06-29T16:12:08+00:00,2026-06-30T00:12:00+08:00,Clementi ActiveSG Gym,closed,,Closed,"{""id"":""EcBGtBDRSadwhso2WV0Tk"",""name"":""Clementi ActiveSG Gym"",""capacityPercentage"":0,""type"":""gym"",""isClosed"":true}",api_response
2026-06-29T16:25:42+00:00,2026-06-30T00:25:00+08:00,Clementi ActiveSG Gym,closed,,Closed,"{""id"":""EcBGtBDRSadwhso2WV0Tk"",""name"":""Clementi ActiveSG Gym"",""capacityPercentage"":0,""type"":""gym"",""isClosed"":true}",api_response
2026-06-29T16:30:18+00:00,2026-06-30T00:30:00+08:00,Clementi ActiveSG Gym,closed,,Closed,"{""id"":""EcBGtBDRSadwhso2WV0Tk"",""name"":""Clementi ActiveSG Gym"",""capacityPercentage"":0,""type"":""gym"",""isClosed"":true}",api_response
2026-06-30T01:32:02+00:00,2026-06-30T09:32:00+08:00,Clementi ActiveSG Gym,open,51,51% full,"{""id"":""EcBGtBDRSadwhso2WV0Tk"",""name"":""Clementi ActiveSG Gym"",""capacityPercentage"":51,""type"":""gym"",""isClosed"":false}",api_response
2026-06-30T01:54:02+00:00,2026-06-30T09:54:00+08:00,Clementi ActiveSG Gym,open,45,45% full,"{""id"":""EcBGtBDRSadwhso2WV0Tk"",""name"":""Clementi ActiveSG Gym"",""capacityPercentage"":45,""type"":""gym"",""isClosed"":false}",api_response
2026-06-30T05:18:00+00:00,2026-06-30T13:17:00+08:00,Clementi ActiveSG Gym,open,51,51% full,"{""id"":""EcBGtBDRSadwhso2WV0Tk"",""name"":""Clementi ActiveSG Gym"",""capacityPercentage"":51,""type"":""gym"",""isClosed"":false}",api_response
2026-06-30T05:48:08+00:00,2026-06-30T13:48:00+08:00,Clementi ActiveSG Gym,open,43,43% full,"{""id"":""EcBGtBDRSadwhso2WV0Tk"",""name"":""Clementi ActiveSG Gym"",""capacityPercentage"":43,""type"":""gym"",""isClosed"":false}",api_response
2026-06-30T05:59:37+00:00,2026-06-30T13:59:00+08:00,Clementi ActiveSG Gym,open,32,32% full,"{""id"":""EcBGtBDRSadwhso2WV0Tk"",""name"":""Clementi ActiveSG Gym"",""capacityPercentage"":32,""type"":""gym"",""isClosed"":false}",api_response
2026-06-30T10:02:15+00:00,2026-06-30T18:02:00+08:00,Clementi ActiveSG Gym,open,79,79% full,"{""id"":""EcBGtBDRSadwhso2WV0Tk"",""name"":""Clementi ActiveSG Gym"",""capacityPercentage"":79,""type"":""gym"",""isClosed"":false}",api_response
2026-06-30T10:08:56+00:00,2026-06-30T18:08:00+08:00,Clementi ActiveSG Gym,open,77,77% full,"{""id"":""EcBGtBDRSadwhso2WV0Tk"",""name"":""Clementi ActiveSG Gym"",""capacityPercentage"":77,""type"":""gym"",""isClosed"":false}",api_response
2026-06-30T10:20:42+00:00,2026-06-30T18:20:00+08:00,Clementi ActiveSG Gym,open,75,75% full,"{""id"":""EcBGtBDRSadwhso2WV0Tk"",""name"":""Clementi ActiveSG Gym"",""capacityPercentage"":75,""type"":""gym"",""isClosed"":false}",api_response
2026-06-30T12:24:40+00:00,2026-06-30T20:24:00+08:00,Clementi ActiveSG Gym,open,81,81% full,"{""id"":""EcBGtBDRSadwhso2WV0Tk"",""name"":""Clementi ActiveSG Gym"",""capacityPercentage"":81,""type"":""gym"",""isClosed"":false}",api_response
2026-06-30T12:30:24+00:00,2026-06-30T20:30:00+08:00,Clementi ActiveSG Gym,open,80,80% full,"{""id"":""EcBGtBDRSadwhso2WV0Tk"",""name"":""Clementi ActiveSG Gym"",""capacityPercentage"":80,""type"":""gym"",""isClosed"":false}",api_response
2026-06-30T12:59:00+00:00,2026-06-30T20:58:00+08:00,Clementi ActiveSG Gym,open,69,69% full,"{""id"":""EcBGtBDRSadwhso2WV0Tk"",""name"":""Clementi ActiveSG Gym"",""capacityPercentage"":69,""type"":""gym"",""isClosed"":false}",api_response
2026-06-30T15:13:39+00:00,2026-06-30T23:13:00+08:00,Clementi ActiveSG Gym,closed,,Closed,"{""id"":""EcBGtBDRSadwhso2WV0Tk"",""name"":""Clementi ActiveSG Gym"",""capacityPercentage"":0,""type"":""gym"",""isClosed"":true}",api_response
2026-06-30T15:42:02+00:00,2026-06-30T23:42:00+08:00,Clementi ActiveSG Gym,closed,,Closed,"{""id"":""EcBGtBDRSadwhso2WV0Tk"",""name"":""Clementi ActiveSG Gym"",""capacityPercentage"":0,""type"":""gym"",""isClosed"":true}",api_response
2026-06-30T16:12:31+00:00,2026-07-01T00:12:00+08:00,Clementi ActiveSG Gym,closed,,Closed,"{""id"":""EcBGtBDRSadwhso2WV0Tk"",""name"":""Clementi ActiveSG Gym"",""capacityPercentage"":0,""type"":""gym"",""isClosed"":true}",api_response
2026-07-01T01:33:52+00:00,2026-07-01T09:33:00+08:00,Clementi ActiveSG Gym,open,52,52% full,"{""id"":""EcBGtBDRSadwhso2WV0Tk"",""name"":""Clementi ActiveSG Gym"",""capacityPercentage"":52,""type"":""gym"",""isClosed"":false}",api_response
2026-07-01T01:41:40+00:00,2026-07-01T09:41:00+08:00,Clementi ActiveSG Gym,open,52,52% full,"{""id"":""EcBGtBDRSadwhso2WV0Tk"",""name"":""Clementi ActiveSG Gym"",""capacityPercentage"":52,""type"":""gym"",""isClosed"":false}",api_response
2026-07-01T06:45:48+00:00,2026-07-01T14:45:00+08:00,Clementi ActiveSG Gym,open,58,58% full,"{""id"":""EcBGtBDRSadwhso2WV0Tk"",""name"":""Clementi ActiveSG Gym"",""capacityPercentage"":58,""type"":""gym"",""isClosed"":false}",api_response
2026-07-01T06:52:52+00:00,2026-07-01T14:52:00+08:00,Clementi ActiveSG Gym,open,54,54% full,"{""id"":""EcBGtBDRSadwhso2WV0Tk"",""name"":""Clementi ActiveSG Gym"",""capacityPercentage"":54,""type"":""gym"",""isClosed"":false}",api_response
2026-07-01T06:59:45+00:00,2026-07-01T14:59:00+08:00,Clementi ActiveSG Gym,open,53,53% full,"{""id"":""EcBGtBDRSadwhso2WV0Tk"",""name"":""Clementi ActiveSG Gym"",""capacityPercentage"":53,""type"":""gym"",""isClosed"":false}",api_response
2026-07-01T10:49:24+00:00,2026-07-01T18:49:00+08:00,Clementi ActiveSG Gym,open,88,88% full,"{""id"":""EcBGtBDRSadwhso2WV0Tk"",""name"":""Clementi ActiveSG Gym"",""capacityPercentage"":88,""type"":""gym"",""isClosed"":false}",api_response
2026-07-01T10:54:39+00:00,2026-07-01T18:54:00+08:00,Clementi ActiveSG Gym,open,91,91% full,"{""id"":""EcBGtBDRSadwhso2WV0Tk"",""name"":""Clementi ActiveSG Gym"",""capacityPercentage"":91,""type"":""gym"",""isClosed"":false}",api_response
2026-07-01T10:58:15+00:00,2026-07-01T18:58:00+08:00,Clementi ActiveSG Gym,open,89,89% full,"{""id"":""EcBGtBDRSadwhso2WV0Tk"",""name"":""Clementi ActiveSG Gym"",""capacityPercentage"":89,""type"":""gym"",""isClosed"":false}",api_response
2026-07-01T13:41:40+00:00,2026-07-01T21:41:00+08:00,Clementi ActiveSG Gym,open,69,69% full,"{""id"":""EcBGtBDRSadwhso2WV0Tk"",""name"":""Clementi ActiveSG Gym"",""capacityPercentage"":69,""type"":""gym"",""isClosed"":false}",api_response
2026-07-01T13:52:59+00:00,2026-07-01T21:52:00+08:00,Clementi ActiveSG Gym,open,0,0% full,"{""id"":""EcBGtBDRSadwhso2WV0Tk"",""name"":""Clementi ActiveSG Gym"",""capacityPercentage"":0,""type"":""gym"",""isClosed"":false}",api_response
2026-07-01T13:57:40+00:00,2026-07-01T21:57:00+08:00,Clementi ActiveSG Gym,open,0,0% full,"{""id"":""EcBGtBDRSadwhso2WV0Tk"",""name"":""Clementi ActiveSG Gym"",""capacityPercentage"":0,""type"":""gym"",""isClosed"":false}",api_response
2026-07-01T16:25:05+00:00,2026-07-02T00:25:00+08:00,Clementi ActiveSG Gym,closed,,Closed,"{""id"":""EcBGtBDRSadwhso2WV0Tk"",""name"":""Clementi ActiveSG Gym"",""capacityPercentage"":0,""type"":""gym"",""isClosed"":true}",api_response
2026-07-01T16:41:04+00:00,2026-07-02T00:41:00+08:00,Clementi ActiveSG Gym,closed,,Closed,"{""id"":""EcBGtBDRSadwhso2WV0Tk"",""name"":""Clementi ActiveSG Gym"",""capacityPercentage"":0,""type"":""gym"",""isClosed"":true}",api_response
2026-07-01T16:56:33+00:00,2026-07-02T00:56:00+08:00,Clementi ActiveSG Gym,closed,,Closed,"{""id"":""EcBGtBDRSadwhso2WV0Tk"",""name"":""Clementi ActiveSG Gym"",""capacityPercentage"":0,""type"":""gym"",""isClosed"":true}",api_response
2026-07-02T01:25:53+00:00,2026-07-02T09:25:00+08:00,Clementi ActiveSG Gym,open,54,54% full,"{""id"":""EcBGtBDRSadwhso2WV0Tk"",""name"":""Clementi ActiveSG Gym"",""capacityPercentage"":54,""type"":""gym"",""isClosed"":false}",api_response
2026-07-02T01:33:49+00:00,2026-07-02T09:33:00+08:00,Clementi ActiveSG Gym,open,55,55% full,"{""id"":""EcBGtBDRSadwhso2WV0Tk"",""name"":""Clementi ActiveSG Gym"",""capacityPercentage"":55,""type"":""gym"",""isClosed"":false}",api_response
2026-07-02T01:53:42+00:00,2026-07-02T09:53:00+08:00,Clementi ActiveSG Gym,open,56,56% full,"{""id"":""EcBGtBDRSadwhso2WV0Tk"",""name"":""Clementi ActiveSG Gym"",""capacityPercentage"":56,""type"":""gym"",""isClosed"":false}",api_response
2026-07-02T05:37:11+00:00,2026-07-02T13:37:00+08:00,Clementi ActiveSG Gym,open,58,58% full,"{""id"":""EcBGtBDRSadwhso2WV0Tk"",""name"":""Clementi ActiveSG Gym"",""capacityPercentage"":58,""type"":""gym"",""isClosed"":false}",api_response
2026-07-02T05:45:36+00:00,2026-07-02T13:45:00+08:00,Clementi ActiveSG Gym,open,67,67% full,"{""id"":""EcBGtBDRSadwhso2WV0Tk"",""name"":""Clementi ActiveSG Gym"",""capacityPercentage"":67,""type"":""gym"",""isClosed"":false}",api_response
2026-07-02T06:10:59+00:00,2026-07-02T14:10:00+08:00,Clementi ActiveSG Gym,open,49,49% full,"{""id"":""EcBGtBDRSadwhso2WV0Tk"",""name"":""Clementi ActiveSG Gym"",""capacityPercentage"":49,""type"":""gym"",""isClosed"":false}",api_response
2026-07-02T08:30:51+00:00,2026-07-02T16:30:00+08:00,Clementi ActiveSG Gym,open,46,46% full,"{""id"":""EcBGtBDRSadwhso2WV0Tk"",""name"":""Clementi ActiveSG Gym"",""capacityPercentage"":46,""type"":""gym"",""isClosed"":false}",api_response
2026-07-02T08:36:36+00:00,2026-07-02T16:36:00+08:00,Clementi ActiveSG Gym,open,47,47% full,"{""id"":""EcBGtBDRSadwhso2WV0Tk"",""name"":""Clementi ActiveSG Gym"",""capacityPercentage"":47,""type"":""gym"",""isClosed"":false}",api_response
2026-07-02T09:33:42+00:00,2026-07-02T17:33:00+08:00,Clementi ActiveSG Gym,open,65,65% full,"{""id"":""EcBGtBDRSadwhso2WV0Tk"",""name"":""Clementi ActiveSG Gym"",""capacityPercentage"":65,""type"":""gym"",""isClosed"":false}",api_response
2026-07-02T11:10:37+00:00,2026-07-02T19:10:00+08:00,Clementi ActiveSG Gym,open,78,78% full,"{""id"":""EcBGtBDRSadwhso2WV0Tk"",""name"":""Clementi ActiveSG Gym"",""capacityPercentage"":78,""type"":""gym"",""isClosed"":false}",api_response
2026-07-02T12:22:18+00:00,2026-07-02T20:22:00+08:00,Clementi ActiveSG Gym,open,56,56% full,"{""id"":""EcBGtBDRSadwhso2WV0Tk"",""name"":""Clementi ActiveSG Gym"",""capacityPercentage"":56,""type"":""gym"",""isClosed"":false}",api_response
2026-07-02T13:19:11+00:00,2026-07-02T21:19:00+08:00,Clementi ActiveSG Gym,open,69,69% full,"{""id"":""EcBGtBDRSadwhso2WV0Tk"",""name"":""Clementi ActiveSG Gym"",""capacityPercentage"":69,""type"":""gym"",""isClosed"":false}",api_response
2026-07-02T13:22:30+00:00,2026-07-02T21:22:00+08:00,Clementi ActiveSG Gym,open,68,68% full,"{""id"":""EcBGtBDRSadwhso2WV0Tk"",""name"":""Clementi ActiveSG Gym"",""capacityPercentage"":68,""type"":""gym"",""isClosed"":false}",api_response
2026-07-02T15:31:48+00:00,2026-07-02T23:31:00+08:00,Clementi ActiveSG Gym,closed,,Closed,"{""id"":""EcBGtBDRSadwhso2WV0Tk"",""name"":""Clementi ActiveSG Gym"",""capacityPercentage"":0,""type"":""gym"",""isClosed"":true}",api_response
2026-07-02T15:42:39+00:00,2026-07-02T23:42:00+08:00,Clementi ActiveSG Gym,closed,,Closed,"{""id"":""EcBGtBDRSadwhso2WV0Tk"",""name"":""Clementi ActiveSG Gym"",""capacityPercentage"":0,""type"":""gym"",""isClosed"":true}",api_response
2026-07-02T15:57:35+00:00,2026-07-02T23:57:00+08:00,Clementi ActiveSG Gym,closed,,Closed,"{""id"":""EcBGtBDRSadwhso2WV0Tk"",""name"":""Clementi ActiveSG Gym"",""capacityPercentage"":0,""type"":""gym"",""isClosed"":true}",api_response
2026-07-03T00:19:40+00:00,2026-07-03T08:19:00+08:00,Clementi ActiveSG Gym,open,38,38% full,"{""id"":""EcBGtBDRSadwhso2WV0Tk"",""name"":""Clementi ActiveSG Gym"",""capacityPercentage"":38,""type"":""gym"",""isClosed"":false}",api_response
2026-07-03T01:11:34+00:00,2026-07-03T09:11:00+08:00,Clementi ActiveSG Gym,open,44,44% full,"{""id"":""EcBGtBDRSadwhso2WV0Tk"",""name"":""Clementi ActiveSG Gym"",""capacityPercentage"":44,""type"":""gym"",""isClosed"":false}",api_response
2026-07-03T01:23:01+00:00,2026-07-03T09:23:00+08:00,Clementi ActiveSG Gym,open,47,47% full,"{""id"":""EcBGtBDRSadwhso2WV0Tk"",""name"":""Clementi ActiveSG Gym"",""capacityPercentage"":47,""type"":""gym"",""isClosed"":false}",api_response
2026-07-03T04:58:26+00:00,2026-07-03T12:58:00+08:00,Clementi ActiveSG Gym,open,61,61% full,"{""id"":""EcBGtBDRSadwhso2WV0Tk"",""name"":""Clementi ActiveSG Gym"",""capacityPercentage"":61,""type"":""gym"",""isClosed"":false}",api_response
2026-07-03T05:31:23+00:00,2026-07-03T13:31:00+08:00,Clementi ActiveSG Gym,open,64,64% full,"{""id"":""EcBGtBDRSadwhso2WV0Tk"",""name"":""Clementi ActiveSG Gym"",""capacityPercentage"":64,""type"":""gym"",""isClosed"":false}",api_response
2026-07-03T05:38:17+00:00,2026-07-03T13:38:00+08:00,Clementi ActiveSG Gym,open,64,64% full,"{""id"":""EcBGtBDRSadwhso2WV0Tk"",""name"":""Clementi ActiveSG Gym"",""capacityPercentage"":64,""type"":""gym"",""isClosed"":false}",api_response
2026-07-03T08:29:05+00:00,2026-07-03T16:29:00+08:00,Clementi ActiveSG Gym,open,60,60% full,"{""id"":""EcBGtBDRSadwhso2WV0Tk"",""name"":""Clementi ActiveSG Gym"",""capacityPercentage"":60,""type"":""gym"",""isClosed"":false}",api_response
2026-07-03T08:36:28+00:00,2026-07-03T16:36:00+08:00,Clementi ActiveSG Gym,open,61,61% full,"{""id"":""EcBGtBDRSadwhso2WV0Tk"",""name"":""Clementi ActiveSG Gym"",""capacityPercentage"":61,""type"":""gym"",""isClosed"":false}",api_response
2026-07-03T08:41:07+00:00,2026-07-03T16:41:00+08:00,Clementi ActiveSG Gym,open,64,64% full,"{""id"":""EcBGtBDRSadwhso2WV0Tk"",""name"":""Clementi ActiveSG Gym"",""capacityPercentage"":64,""type"":""gym"",""isClosed"":false}",api_response
2026-07-03T11:42:29+00:00,2026-07-03T19:42:00+08:00,Clementi ActiveSG Gym,open,48,48% full,"{""id"":""EcBGtBDRSadwhso2WV0Tk"",""name"":""Clementi ActiveSG Gym"",""capacityPercentage"":48,""type"":""gym"",""isClosed"":false}",api_response
2026-07-03T14:33:18+00:00,2026-07-03T22:33:00+08:00,Clementi ActiveSG Gym,closed,,Closed,"{""id"":""EcBGtBDRSadwhso2WV0Tk"",""name"":""Clementi ActiveSG Gym"",""capacityPercentage"":0,""type"":""gym"",""isClosed"":true}",api_response
2026-07-03T15:34:27+00:00,2026-07-03T23:34:00+08:00,Clementi ActiveSG Gym,closed,,Closed,"{""id"":""EcBGtBDRSadwhso2WV0Tk"",""name"":""Clementi ActiveSG Gym"",""capacityPercentage"":0,""type"":""gym"",""isClosed"":true}",api_response
2026-07-03T15:45:11+00:00,2026-07-03T23:45:00+08:00,Clementi ActiveSG Gym,closed,,Closed,"{""id"":""EcBGtBDRSadwhso2WV0Tk"",""name"":""Clementi ActiveSG Gym"",""capacityPercentage"":0,""type"":""gym"",""isClosed"":true}",api_response
2026-07-04T01:09:36+00:00,2026-07-04T09:09:00+08:00,Clementi ActiveSG Gym,open,31,31% full,"{""id"":""EcBGtBDRSadwhso2WV0Tk"",""name"":""Clementi ActiveSG Gym"",""capacityPercentage"":31,""type"":""gym"",""isClosed"":false}",api_response
2026-07-04T01:22:30+00:00,2026-07-04T09:22:00+08:00,Clementi ActiveSG Gym,open,42,42% full,"{""id"":""EcBGtBDRSadwhso2WV0Tk"",""name"":""Clementi ActiveSG Gym"",""capacityPercentage"":42,""type"":""gym"",""isClosed"":false}",api_response
2026-07-04T04:53:15+00:00,2026-07-04T12:53:00+08:00,Clementi ActiveSG Gym,open,45,45% full,"{""id"":""EcBGtBDRSadwhso2WV0Tk"",""name"":""Clementi ActiveSG Gym"",""capacityPercentage"":45,""type"":""gym"",""isClosed"":false}",api_response
2026-07-04T05:24:52+00:00,2026-07-04T13:24:00+08:00,Clementi ActiveSG Gym,open,52,52% full,"{""id"":""EcBGtBDRSadwhso2WV0Tk"",""name"":""Clementi ActiveSG Gym"",""capacityPercentage"":52,""type"":""gym"",""isClosed"":false}",api_response
2026-07-04T05:31:16+00:00,2026-07-04T13:31:00+08:00,Clementi ActiveSG Gym,open,53,53% full,"{""id"":""EcBGtBDRSadwhso2WV0Tk"",""name"":""Clementi ActiveSG Gym"",""capacityPercentage"":53,""type"":""gym"",""isClosed"":false}",api_response
2026-07-04T08:06:00+00:00,2026-07-04T16:05:00+08:00,Clementi ActiveSG Gym,open,64,64% full,"{""id"":""EcBGtBDRSadwhso2WV0Tk"",""name"":""Clementi ActiveSG Gym"",""capacityPercentage"":64,""type"":""gym"",""isClosed"":false}",api_response
2026-07-04T08:11:51+00:00,2026-07-04T16:11:00+08:00,Clementi ActiveSG Gym,open,59,59% full,"{""id"":""EcBGtBDRSadwhso2WV0Tk"",""name"":""Clementi ActiveSG Gym"",""capacityPercentage"":59,""type"":""gym"",""isClosed"":false}",api_response
2026-07-04T08:15:36+00:00,2026-07-04T16:15:00+08:00,Clementi ActiveSG Gym,open,59,59% full,"{""id"":""EcBGtBDRSadwhso2WV0Tk"",""name"":""Clementi ActiveSG Gym"",""capacityPercentage"":59,""type"":""gym"",""isClosed"":false}",api_response
2026-07-04T10:26:36+00:00,2026-07-04T18:26:00+08:00,Clementi ActiveSG Gym,open,48,48% full,"{""id"":""EcBGtBDRSadwhso2WV0Tk"",""name"":""Clementi ActiveSG Gym"",""capacityPercentage"":48,""type"":""gym"",""isClosed"":false}",api_response
2026-07-04T10:45:14+00:00,2026-07-04T18:45:00+08:00,Clementi ActiveSG Gym,open,48,48% full,"{""id"":""EcBGtBDRSadwhso2WV0Tk"",""name"":""Clementi ActiveSG Gym"",""capacityPercentage"":48,""type"":""gym"",""isClosed"":false}",api_response
2026-07-04T11:53:49+00:00,2026-07-04T19:53:00+08:00,Clementi ActiveSG Gym,open,58,58% full,"{""id"":""EcBGtBDRSadwhso2WV0Tk"",""name"":""Clementi ActiveSG Gym"",""capacityPercentage"":58,""type"":""gym"",""isClosed"":false}",api_response
2026-07-04T11:58:32+00:00,2026-07-04T19:58:00+08:00,Clementi ActiveSG Gym,open,58,58% full,"{""id"":""EcBGtBDRSadwhso2WV0Tk"",""name"":""Clementi ActiveSG Gym"",""capacityPercentage"":58,""type"":""gym"",""isClosed"":false}",api_response
2026-07-04T12:19:51+00:00,2026-07-04T20:19:00+08:00,Clementi ActiveSG Gym,open,43,43% full,"{""id"":""EcBGtBDRSadwhso2WV0Tk"",""name"":""Clementi ActiveSG Gym"",""capacityPercentage"":43,""type"":""gym"",""isClosed"":false}",api_response
2026-07-04T14:10:31+00:00,2026-07-04T22:10:00+08:00,Clementi ActiveSG Gym,closed,,Closed,"{""id"":""EcBGtBDRSadwhso2WV0Tk"",""name"":""Clementi ActiveSG Gym"",""capacityPercentage"":0,""type"":""gym"",""isClosed"":true}",api_response
2026-07-04T14:20:59+00:00,2026-07-04T22:20:00+08:00,Clementi ActiveSG Gym,closed,,Closed,"{""id"":""EcBGtBDRSadwhso2WV0Tk"",""name"":""Clementi ActiveSG Gym"",""capacityPercentage"":0,""type"":""gym"",""isClosed"":true}",api_response
2026-07-04T14:46:19+00:00,2026-07-04T22:46:00+08:00,Clementi ActiveSG Gym,closed,,Closed,"{""id"":""EcBGtBDRSadwhso2WV0Tk"",""name"":""Clementi ActiveSG Gym"",""capacityPercentage"":0,""type"":""gym"",""isClosed"":true}",api_response
2026-07-04T15:43:41+00:00,2026-07-04T23:43:00+08:00,Clementi ActiveSG Gym,closed,,Closed,"{""id"":""EcBGtBDRSadwhso2WV0Tk"",""name"":""Clementi ActiveSG Gym"",""capacityPercentage"":0,""type"":""gym"",""isClosed"":true}",api_response
2026-07-04T15:50:43+00:00,2026-07-04T23:50:00+08:00,Clementi ActiveSG Gym,closed,,Closed,"{""id"":""EcBGtBDRSadwhso2WV0Tk"",""name"":""Clementi ActiveSG Gym"",""capacityPercentage"":0,""type"":""gym"",""isClosed"":true}",api_response
2026-07-05T00:13:56+00:00,2026-07-05T08:13:00+08:00,Clementi ActiveSG Gym,open,25,25% full,"{""id"":""EcBGtBDRSadwhso2WV0Tk"",""name"":""Clementi ActiveSG Gym"",""capacityPercentage"":25,""type"":""gym"",""isClosed"":false}",api_response
2026-07-05T01:28:21+00:00,2026-07-05T09:28:00+08:00,Clementi ActiveSG Gym,open,51,51% full,"{""id"":""EcBGtBDRSadwhso2WV0Tk"",""name"":""Clementi ActiveSG Gym"",""capacityPercentage"":51,""type"":""gym"",""isClosed"":false}",api_response
2026-07-05T05:42:43+00:00,2026-07-05T13:42:00+08:00,Clementi ActiveSG Gym,open,54,54% full,"{""id"":""EcBGtBDRSadwhso2WV0Tk"",""name"":""Clementi ActiveSG Gym"",""capacityPercentage"":54,""type"":""gym"",""isClosed"":false}",api_response
2026-07-05T05:49:37+00:00,2026-07-05T13:49:00+08:00,Clementi ActiveSG Gym,open,54,54% full,"{""id"":""EcBGtBDRSadwhso2WV0Tk"",""name"":""Clementi ActiveSG Gym"",""capacityPercentage"":54,""type"":""gym"",""isClosed"":false}",api_response
2026-07-05T08:19:23+00:00,2026-07-05T16:19:00+08:00,Clementi ActiveSG Gym,open,64,64% full,"{""id"":""EcBGtBDRSadwhso2WV0Tk"",""name"":""Clementi ActiveSG Gym"",""capacityPercentage"":64,""type"":""gym"",""isClosed"":false}",api_response
2026-07-05T08:34:00+00:00,2026-07-05T16:33:00+08:00,Clementi ActiveSG Gym,open,62,62% full,"{""id"":""EcBGtBDRSadwhso2WV0Tk"",""name"":""Clementi ActiveSG Gym"",""capacityPercentage"":62,""type"":""gym"",""isClosed"":false}",api_response
2026-07-05T09:28:32+00:00,2026-07-05T17:28:00+08:00,Clementi ActiveSG Gym,open,64,64% full,"{""id"":""EcBGtBDRSadwhso2WV0Tk"",""name"":""Clementi ActiveSG Gym"",""capacityPercentage"":64,""type"":""gym"",""isClosed"":false}",api_response
2026-07-05T11:14:54+00:00,2026-07-05T19:14:00+08:00,Clementi ActiveSG Gym,open,43,43% full,"{""id"":""EcBGtBDRSadwhso2WV0Tk"",""name"":""Clementi ActiveSG Gym"",""capacityPercentage"":43,""type"":""gym"",""isClosed"":false}",api_response
2026-07-05T12:08:25+00:00,2026-07-05T20:08:00+08:00,Clementi ActiveSG Gym,open,48,48% full,"{""id"":""EcBGtBDRSadwhso2WV0Tk"",""name"":""Clementi ActiveSG Gym"",""capacityPercentage"":48,""type"":""gym"",""isClosed"":false}",api_response
2026-07-05T14:54:05+00:00,2026-07-05T22:54:00+08:00,Clementi ActiveSG Gym,closed,,Closed,"{""id"":""EcBGtBDRSadwhso2WV0Tk"",""name"":""Clementi ActiveSG Gym"",""capacityPercentage"":0,""type"":""gym"",""isClosed"":true}",api_response
2026-07-05T14:59:06+00:00,2026-07-05T22:59:00+08:00,Clementi ActiveSG Gym,closed,,Closed,"{""id"":""EcBGtBDRSadwhso2WV0Tk"",""name"":""Clementi ActiveSG Gym"",""capacityPercentage"":0,""type"":""gym"",""isClosed"":true}",api_response
2026-07-05T15:56:40+00:00,2026-07-05T23:56:00+08:00,Clementi ActiveSG Gym,closed,,Closed,"{""id"":""EcBGtBDRSadwhso2WV0Tk"",""name"":""Clementi ActiveSG Gym"",""capacityPercentage"":0,""type"":""gym"",""isClosed"":true}",api_response
2026-07-06T00:16:43+00:00,2026-07-06T08:16:00+08:00,Clementi ActiveSG Gym,open,37,37% full,"{""id"":""EcBGtBDRSadwhso2WV0Tk"",""name"":""Clementi ActiveSG Gym"",""capacityPercentage"":37,""type"":""gym"",""isClosed"":false}",api_response
2026-07-06T01:17:10+00:00,2026-07-06T09:17:00+08:00,Clementi ActiveSG Gym,open,45,45% full,"{""id"":""EcBGtBDRSadwhso2WV0Tk"",""name"":""Clementi ActiveSG Gym"",""capacityPercentage"":45,""type"":""gym"",""isClosed"":false}",api_response
2026-07-06T01:29:30+00:00,2026-07-06T09:29:00+08:00,Clementi ActiveSG Gym,open,49,49% full,"{""id"":""EcBGtBDRSadwhso2WV0Tk"",""name"":""Clementi ActiveSG Gym"",""capacityPercentage"":49,""type"":""gym"",""isClosed"":false}",api_response
2026-07-06T04:45:46+00:00,2026-07-06T12:45:00+08:00,Clementi ActiveSG Gym,open,54,54% full,"{""id"":""EcBGtBDRSadwhso2WV0Tk"",""name"":""Clementi ActiveSG Gym"",""capacityPercentage"":54,""type"":""gym"",""isClosed"":false}",api_response
2026-07-06T09:11:52+00:00,2026-07-06T17:11:00+08:00,Clementi ActiveSG Gym,open,61,61% full,"{""id"":""EcBGtBDRSadwhso2WV0Tk"",""name"":""Clementi ActiveSG Gym"",""capacityPercentage"":61,""type"":""gym"",""isClosed"":false}",api_response
2026-07-06T11:13:51+00:00,2026-07-06T19:13:00+08:00,Clementi ActiveSG Gym,open,87,87% full,"{""id"":""EcBGtBDRSadwhso2WV0Tk"",""name"":""Clementi ActiveSG Gym"",""capacityPercentage"":87,""type"":""gym"",""isClosed"":false}",api_response
2026-07-06T11:18:18+00:00,2026-07-06T19:18:00+08:00,Clementi ActiveSG Gym,open,89,89% full,"{""id"":""EcBGtBDRSadwhso2WV0Tk"",""name"":""Clementi ActiveSG Gym"",""capacityPercentage"":89,""type"":""gym"",""isClosed"":false}",api_response
2026-07-06T12:59:25+00:00,2026-07-06T20:59:00+08:00,Clementi ActiveSG Gym,open,65,65% full,"{""id"":""EcBGtBDRSadwhso2WV0Tk"",""name"":""Clementi ActiveSG Gym"",""capacityPercentage"":65,""type"":""gym"",""isClosed"":false}",api_response
2026-07-06T14:43:29+00:00,2026-07-06T22:43:00+08:00,Clementi ActiveSG Gym,closed,,Closed,"{""id"":""EcBGtBDRSadwhso2WV0Tk"",""name"":""Clementi ActiveSG Gym"",""capacityPercentage"":0,""type"":""gym"",""isClosed"":true}",api_response
2026-07-06T14:47:19+00:00,2026-07-06T22:47:00+08:00,Clementi ActiveSG Gym,closed,,Closed,"{""id"":""EcBGtBDRSadwhso2WV0Tk"",""name"":""Clementi ActiveSG Gym"",""capacityPercentage"":0,""type"":""gym"",""isClosed"":true}",api_response
2026-07-06T16:31:12+00:00,2026-07-07T00:31:00+08:00,Clementi ActiveSG Gym,closed,,Closed,"{""id"":""EcBGtBDRSadwhso2WV0Tk"",""name"":""Clementi ActiveSG Gym"",""capacityPercentage"":0,""type"":""gym"",""isClosed"":true}",api_response
2026-07-06T17:31:17+00:00,2026-07-07T01:31:00+08:00,Clementi ActiveSG Gym,closed,,Closed,"{""id"":""EcBGtBDRSadwhso2WV0Tk"",""name"":""Clementi ActiveSG Gym"",""capacityPercentage"":0,""type"":""gym"",""isClosed"":true}",api_response
2026-07-07T01:08:35+00:00,2026-07-07T09:08:00+08:00,Clementi ActiveSG Gym,open,37,37% full,"{""id"":""EcBGtBDRSadwhso2WV0Tk"",""name"":""Clementi ActiveSG Gym"",""capacityPercentage"":37,""type"":""gym"",""isClosed"":false}",api_response
2026-07-07T01:17:59+00:00,2026-07-07T09:17:00+08:00,Clementi ActiveSG Gym,open,36,36% full,"{""id"":""EcBGtBDRSadwhso2WV0Tk"",""name"":""Clementi ActiveSG Gym"",""capacityPercentage"":36,""type"":""gym"",""isClosed"":false}",api_response
2026-07-07T01:29:37+00:00,2026-07-07T09:29:00+08:00,Clementi ActiveSG Gym,open,41,41% full,"{""id"":""EcBGtBDRSadwhso2WV0Tk"",""name"":""Clementi ActiveSG Gym"",""capacityPercentage"":41,""type"":""gym"",""isClosed"":false}",api_response
2026-07-07T05:08:51+00:00,2026-07-07T13:08:00+08:00,Clementi ActiveSG Gym,open,38,38% full,"{""id"":""EcBGtBDRSadwhso2WV0Tk"",""name"":""Clementi ActiveSG Gym"",""capacityPercentage"":38,""type"":""gym"",""isClosed"":false}",api_response
2026-07-07T05:44:12+00:00,2026-07-07T13:44:00+08:00,Clementi ActiveSG Gym,open,44,44% full,"{""id"":""EcBGtBDRSadwhso2WV0Tk"",""name"":""Clementi ActiveSG Gym"",""capacityPercentage"":44,""type"":""gym"",""isClosed"":false}",api_response
2026-07-07T05:54:19+00:00,2026-07-07T13:54:00+08:00,Clementi ActiveSG Gym,open,48,48% full,"{""id"":""EcBGtBDRSadwhso2WV0Tk"",""name"":""Clementi ActiveSG Gym"",""capacityPercentage"":48,""type"":""gym"",""isClosed"":false}",api_response
2026-07-07T09:18:59+00:00,2026-07-07T17:18:00+08:00,Clementi ActiveSG Gym,open,85,85% full,"{""id"":""EcBGtBDRSadwhso2WV0Tk"",""name"":""Clementi ActiveSG Gym"",""capacityPercentage"":85,""type"":""gym"",""isClosed"":false}",api_response
2026-07-07T10:07:12+00:00,2026-07-07T18:07:00+08:00,Clementi ActiveSG Gym,open,62,62% full,"{""id"":""EcBGtBDRSadwhso2WV0Tk"",""name"":""Clementi ActiveSG Gym"",""capacityPercentage"":62,""type"":""gym"",""isClosed"":false}",api_response
2026-07-07T12:18:20+00:00,2026-07-07T20:18:00+08:00,Clementi ActiveSG Gym,open,78,78% full,"{""id"":""EcBGtBDRSadwhso2WV0Tk"",""name"":""Clementi ActiveSG Gym"",""capacityPercentage"":78,""type"":""gym"",""isClosed"":false}",api_response
2026-07-07T13:01:19+00:00,2026-07-07T21:01:00+08:00,Clementi ActiveSG Gym,open,82,82% full,"{""id"":""EcBGtBDRSadwhso2WV0Tk"",""name"":""Clementi ActiveSG Gym"",""capacityPercentage"":82,""type"":""gym"",""isClosed"":false}",api_response
2026-07-07T15:16:07+00:00,2026-07-07T23:16:00+08:00,Clementi ActiveSG Gym,closed,,Closed,"{""id"":""EcBGtBDRSadwhso2WV0Tk"",""name"":""Clementi ActiveSG Gym"",""capacityPercentage"":1,""type"":""gym"",""isClosed"":true}",api_response
2026-07-07T15:37:33+00:00,2026-07-07T23:37:00+08:00,Clementi ActiveSG Gym,closed,,Closed,"{""id"":""EcBGtBDRSadwhso2WV0Tk"",""name"":""Clementi ActiveSG Gym"",""capacityPercentage"":1,""type"":""gym"",""isClosed"":true}",api_response
2026-07-07T16:03:55+00:00,2026-07-08T00:03:00+08:00,Clementi ActiveSG Gym,closed,,Closed,"{""id"":""EcBGtBDRSadwhso2WV0Tk"",""name"":""Clementi ActiveSG Gym"",""capacityPercentage"":0,""type"":""gym"",""isClosed"":true}",api_response
2026-07-08T00:12:24+00:00,2026-07-08T08:12:00+08:00,Clementi ActiveSG Gym,open,47,47% full,"{""id"":""EcBGtBDRSadwhso2WV0Tk"",""name"":""Clementi ActiveSG Gym"",""capacityPercentage"":47,""type"":""gym"",""isClosed"":false}",api_response
2026-07-08T01:14:44+00:00,2026-07-08T09:14:00+08:00,Clementi ActiveSG Gym,open,49,49% full,"{""id"":""EcBGtBDRSadwhso2WV0Tk"",""name"":""Clementi ActiveSG Gym"",""capacityPercentage"":49,""type"":""gym"",""isClosed"":false}",api_response
2026-07-08T03:45:40+00:00,2026-07-08T11:45:00+08:00,Clementi ActiveSG Gym,open,60,60% full,"{""id"":""EcBGtBDRSadwhso2WV0Tk"",""name"":""Clementi ActiveSG Gym"",""capacityPercentage"":60,""type"":""gym"",""isClosed"":false}",api_response
2026-07-08T04:49:08+00:00,2026-07-08T12:49:00+08:00,Clementi ActiveSG Gym,open,41,41% full,"{""id"":""EcBGtBDRSadwhso2WV0Tk"",""name"":""Clementi ActiveSG Gym"",""capacityPercentage"":41,""type"":""gym"",""isClosed"":false}",api_response
2026-07-08T04:53:42+00:00,2026-07-08T12:53:00+08:00,Clementi ActiveSG Gym,open,40,40% full,"{""id"":""EcBGtBDRSadwhso2WV0Tk"",""name"":""Clementi ActiveSG Gym"",""capacityPercentage"":40,""type"":""gym"",""isClosed"":false}",api_response
2026-07-08T06:39:32+00:00,2026-07-08T14:39:00+08:00,Clementi ActiveSG Gym,open,73,73% full,"{""id"":""EcBGtBDRSadwhso2WV0Tk"",""name"":""Clementi ActiveSG Gym"",""capacityPercentage"":73,""type"":""gym"",""isClosed"":false}",api_response
2026-07-08T07:18:29+00:00,2026-07-08T15:18:00+08:00,Clementi ActiveSG Gym,open,66,66% full,"{""id"":""EcBGtBDRSadwhso2WV0Tk"",""name"":""Clementi ActiveSG Gym"",""capacityPercentage"":66,""type"":""gym"",""isClosed"":false}",api_response
2026-07-08T09:38:32+00:00,2026-07-08T17:38:00+08:00,Clementi ActiveSG Gym,open,62,62% full,"{""id"":""EcBGtBDRSadwhso2WV0Tk"",""name"":""Clementi ActiveSG Gym"",""capacityPercentage"":62,""type"":""gym"",""isClosed"":false}",api_response
2026-07-08T10:01:34+00:00,2026-07-08T18:01:00+08:00,Clementi ActiveSG Gym,open,71,71% full,"{""id"":""EcBGtBDRSadwhso2WV0Tk"",""name"":""Clementi ActiveSG Gym"",""capacityPercentage"":71,""type"":""gym"",""isClosed"":false}",api_response
2026-07-08T10:37:08+00:00,2026-07-08T18:37:00+08:00,Clementi ActiveSG Gym,open,76,76% full,"{""id"":""EcBGtBDRSadwhso2WV0Tk"",""name"":""Clementi ActiveSG Gym"",""capacityPercentage"":76,""type"":""gym"",""isClosed"":false}",api_response
2026-07-08T12:06:52+00:00,2026-07-08T20:06:00+08:00,Clementi ActiveSG Gym,open,82,82% full,"{""id"":""EcBGtBDRSadwhso2WV0Tk"",""name"":""Clementi ActiveSG Gym"",""capacityPercentage"":82,""type"":""gym"",""isClosed"":false}",api_response
2026-07-08T14:41:54+00:00,2026-07-08T22:41:00+08:00,Clementi ActiveSG Gym,closed,,Closed,"{""id"":""EcBGtBDRSadwhso2WV0Tk"",""name"":""Clementi ActiveSG Gym"",""capacityPercentage"":0,""type"":""gym"",""isClosed"":true}",api_response
2026-07-09T01:22:24+00:00,2026-07-09T09:22:00+08:00,Clementi ActiveSG Gym,open,44,44% full,"{""id"":""EcBGtBDRSadwhso2WV0Tk"",""name"":""Clementi ActiveSG Gym"",""capacityPercentage"":44,""type"":""gym"",""isClosed"":false}",api_response
2026-07-09T05:07:25+00:00,2026-07-09T13:07:00+08:00,Clementi ActiveSG Gym,open,43,43% full,"{""id"":""EcBGtBDRSadwhso2WV0Tk"",""name"":""Clementi ActiveSG Gym"",""capacityPercentage"":43,""type"":""gym"",""isClosed"":false}",api_response
2026-07-09T05:44:24+00:00,2026-07-09T13:44:00+08:00,Clementi ActiveSG Gym,open,46,46% full,"{""id"":""EcBGtBDRSadwhso2WV0Tk"",""name"":""Clementi ActiveSG Gym"",""capacityPercentage"":46,""type"":""gym"",""isClosed"":false}",api_response
2026-07-09T08:51:05+00:00,2026-07-09T16:51:00+08:00,Clementi ActiveSG Gym,open,57,57% full,"{""id"":""EcBGtBDRSadwhso2WV0Tk"",""name"":""Clementi ActiveSG Gym"",""capacityPercentage"":57,""type"":""gym"",""isClosed"":false}",api_response
2026-07-09T08:56:37+00:00,2026-07-09T16:56:00+08:00,Clementi ActiveSG Gym,open,60,60% full,"{""id"":""EcBGtBDRSadwhso2WV0Tk"",""name"":""Clementi ActiveSG Gym"",""capacityPercentage"":60,""type"":""gym"",""isClosed"":false}",api_response
2026-07-09T11:51:00+00:00,2026-07-09T19:50:00+08:00,Clementi ActiveSG Gym,open,84,84% full,"{""id"":""EcBGtBDRSadwhso2WV0Tk"",""name"":""Clementi ActiveSG Gym"",""capacityPercentage"":84,""type"":""gym"",""isClosed"":false}",api_response
2026-07-09T12:16:30+00:00,2026-07-09T20:16:00+08:00,Clementi ActiveSG Gym,open,77,77% full,"{""id"":""EcBGtBDRSadwhso2WV0Tk"",""name"":""Clementi ActiveSG Gym"",""capacityPercentage"":77,""type"":""gym"",""isClosed"":false}",api_response
2026-07-09T13:33:48+00:00,2026-07-09T21:33:00+08:00,Clementi ActiveSG Gym,open,52,52% full,"{""id"":""EcBGtBDRSadwhso2WV0Tk"",""name"":""Clementi ActiveSG Gym"",""capacityPercentage"":52,""type"":""gym"",""isClosed"":false}",api_response
2026-07-09T14:19:33+00:00,2026-07-09T22:19:00+08:00,Clementi ActiveSG Gym,closed,,Closed,"{""id"":""EcBGtBDRSadwhso2WV0Tk"",""name"":""Clementi ActiveSG Gym"",""capacityPercentage"":0,""type"":""gym"",""isClosed"":true}",api_response
2026-07-09T15:37:32+00:00,2026-07-09T23:37:00+08:00,Clementi ActiveSG Gym,closed,,Closed,"{""id"":""EcBGtBDRSadwhso2WV0Tk"",""name"":""Clementi ActiveSG Gym"",""capacityPercentage"":0,""type"":""gym"",""isClosed"":true}",api_response
2026-07-09T16:13:26+00:00,2026-07-10T00:13:00+08:00,Clementi ActiveSG Gym,closed,,Closed,"{""id"":""EcBGtBDRSadwhso2WV0Tk"",""name"":""Clementi ActiveSG Gym"",""capacityPercentage"":0,""type"":""gym"",""isClosed"":true}",api_response
2026-07-09T17:09:00+00:00,2026-07-10T01:08:00+08:00,Clementi ActiveSG Gym,closed,,Closed,"{""id"":""EcBGtBDRSadwhso2WV0Tk"",""name"":""Clementi ActiveSG Gym"",""capacityPercentage"":0,""type"":""gym"",""isClosed"":true}",api_response
2026-07-10T00:19:51+00:00,2026-07-10T08:19:00+08:00,Clementi ActiveSG Gym,open,39,39% full,"{""id"":""EcBGtBDRSadwhso2WV0Tk"",""name"":""Clementi ActiveSG Gym"",""capacityPercentage"":39,""type"":""gym"",""isClosed"":false}",api_response
2026-07-10T01:19:27+00:00,2026-07-10T09:19:00+08:00,Clementi ActiveSG Gym,open,41,41% full,"{""id"":""EcBGtBDRSadwhso2WV0Tk"",""name"":""Clementi ActiveSG Gym"",""capacityPercentage"":41,""type"":""gym"",""isClosed"":false}",api_response
2026-07-10T05:10:15+00:00,2026-07-10T13:10:00+08:00,Clementi ActiveSG Gym,open,49,49% full,"{""id"":""EcBGtBDRSadwhso2WV0Tk"",""name"":""Clementi ActiveSG Gym"",""capacityPercentage"":49,""type"":""gym"",""isClosed"":false}",api_response
2026-07-10T05:47:37+00:00,2026-07-10T13:47:00+08:00,Clementi ActiveSG Gym,open,59,59% full,"{""id"":""EcBGtBDRSadwhso2WV0Tk"",""name"":""Clementi ActiveSG Gym"",""capacityPercentage"":59,""type"":""gym"",""isClosed"":false}",api_response
2026-07-10T08:53:55+00:00,2026-07-10T16:53:00+08:00,Clementi ActiveSG Gym,open,65,65% full,"{""id"":""EcBGtBDRSadwhso2WV0Tk"",""name"":""Clementi ActiveSG Gym"",""capacityPercentage"":65,""type"":""gym"",""isClosed"":false}",api_response
2026-07-10T12:09:19+00:00,2026-07-10T20:09:00+08:00,Clementi ActiveSG Gym,open,60,60% full,"{""id"":""EcBGtBDRSadwhso2WV0Tk"",""name"":""Clementi ActiveSG Gym"",""capacityPercentage"":60,""type"":""gym"",""isClosed"":false}",api_response
2026-07-10T15:57:24+00:00,2026-07-10T23:57:00+08:00,Clementi ActiveSG Gym,closed,,Closed,"{""id"":""EcBGtBDRSadwhso2WV0Tk"",""name"":""Clementi ActiveSG Gym"",""capacityPercentage"":0,""type"":""gym"",""isClosed"":true}",api_response
2026-07-10T16:09:50+00:00,2026-07-11T00:09:00+08:00,Clementi ActiveSG Gym,closed,,Closed,"{""id"":""EcBGtBDRSadwhso2WV0Tk"",""name"":""Clementi ActiveSG Gym"",""capacityPercentage"":0,""type"":""gym"",""isClosed"":true}",api_response
2026-07-11T00:10:40+00:00,2026-07-11T08:10:00+08:00,Clementi ActiveSG Gym,open,35,35% full,"{""id"":""EcBGtBDRSadwhso2WV0Tk"",""name"":""Clementi ActiveSG Gym"",""capacityPercentage"":35,""type"":""gym"",""isClosed"":false}",api_response
2026-07-11T04:45:04+00:00,2026-07-11T12:45:00+08:00,Clementi ActiveSG Gym,open,72,72% full,"{""id"":""EcBGtBDRSadwhso2WV0Tk"",""name"":""Clementi ActiveSG Gym"",""capacityPercentage"":72,""type"":""gym"",""isClosed"":false}",api_response
2026-07-11T04:49:18+00:00,2026-07-11T12:49:00+08:00,Clementi ActiveSG Gym,open,67,67% full,"{""id"":""EcBGtBDRSadwhso2WV0Tk"",""name"":""Clementi ActiveSG Gym"",""capacityPercentage"":67,""type"":""gym"",""isClosed"":false}",api_response
2026-07-11T07:25:35+00:00,2026-07-11T15:25:00+08:00,Clementi ActiveSG Gym,open,56,56% full,"{""id"":""EcBGtBDRSadwhso2WV0Tk"",""name"":""Clementi ActiveSG Gym"",""capacityPercentage"":56,""type"":""gym"",""isClosed"":false}",api_response
2026-07-11T09:11:59+00:00,2026-07-11T17:11:00+08:00,Clementi ActiveSG Gym,open,66,66% full,"{""id"":""EcBGtBDRSadwhso2WV0Tk"",""name"":""Clementi ActiveSG Gym"",""capacityPercentage"":66,""type"":""gym"",""isClosed"":false}",api_response
2026-07-11T10:42:44+00:00,2026-07-11T18:42:00+08:00,Clementi ActiveSG Gym,open,45,45% full,"{""id"":""EcBGtBDRSadwhso2WV0Tk"",""name"":""Clementi ActiveSG Gym"",""capacityPercentage"":45,""type"":""gym"",""isClosed"":false}",api_response
2026-07-11T11:39:39+00:00,2026-07-11T19:39:00+08:00,Clementi ActiveSG Gym,open,35,35% full,"{""id"":""EcBGtBDRSadwhso2WV0Tk"",""name"":""Clementi ActiveSG Gym"",""capacityPercentage"":35,""type"":""gym"",""isClosed"":false}",api_response
2026-07-11T12:31:35+00:00,2026-07-11T20:31:00+08:00,Clementi ActiveSG Gym,open,37,37% full,"{""id"":""EcBGtBDRSadwhso2WV0Tk"",""name"":""Clementi ActiveSG Gym"",""capacityPercentage"":37,""type"":""gym"",""isClosed"":false}",api_response
2026-07-11T12:43:27+00:00,2026-07-11T20:43:00+08:00,Clementi ActiveSG Gym,open,37,37% full,"{""id"":""EcBGtBDRSadwhso2WV0Tk"",""name"":""Clementi ActiveSG Gym"",""capacityPercentage"":37,""type"":""gym"",""isClosed"":false}",api_response
2026-07-11T14:15:09+00:00,2026-07-11T22:15:00+08:00,Clementi ActiveSG Gym,closed,,Closed,"{""id"":""EcBGtBDRSadwhso2WV0Tk"",""name"":""Clementi ActiveSG Gym"",""capacityPercentage"":0,""type"":""gym"",""isClosed"":true}",api_response
2026-07-11T15:17:08+00:00,2026-07-11T23:17:00+08:00,Clementi ActiveSG Gym,closed,,Closed,"{""id"":""EcBGtBDRSadwhso2WV0Tk"",""name"":""Clementi ActiveSG Gym"",""capacityPercentage"":0,""type"":""gym"",""isClosed"":true}",api_response
2026-07-11T15:41:01+00:00,2026-07-11T23:41:00+08:00,Clementi ActiveSG Gym,closed,,Closed,"{""id"":""EcBGtBDRSadwhso2WV0Tk"",""name"":""Clementi ActiveSG Gym"",""capacityPercentage"":0,""type"":""gym"",""isClosed"":true}",api_response
2026-07-12T03:58:56+00:00,2026-07-12T11:58:00+08:00,Clementi ActiveSG Gym,open,75,75% full,"{""id"":""EcBGtBDRSadwhso2WV0Tk"",""name"":""Clementi ActiveSG Gym"",""capacityPercentage"":75,""type"":""gym"",""isClosed"":false}",api_response
2026-07-12T04:56:22+00:00,2026-07-12T12:56:00+08:00,Clementi ActiveSG Gym,open,77,77% full,"{""id"":""EcBGtBDRSadwhso2WV0Tk"",""name"":""Clementi ActiveSG Gym"",""capacityPercentage"":77,""type"":""gym"",""isClosed"":false}",api_response
2026-07-12T05:00:24+00:00,2026-07-12T13:00:00+08:00,Clementi ActiveSG Gym,open,74,74% full,"{""id"":""EcBGtBDRSadwhso2WV0Tk"",""name"":""Clementi ActiveSG Gym"",""capacityPercentage"":74,""type"":""gym"",""isClosed"":false}",api_response
2026-07-12T11:01:05+00:00,2026-07-12T19:01:00+08:00,Clementi ActiveSG Gym,open,68,68% full,"{""id"":""EcBGtBDRSadwhso2WV0Tk"",""name"":""Clementi ActiveSG Gym"",""capacityPercentage"":68,""type"":""gym"",""isClosed"":false}",api_response
2026-07-12T14:06:43+00:00,2026-07-12T22:06:00+08:00,Clementi ActiveSG Gym,closed,,Closed,"{""id"":""EcBGtBDRSadwhso2WV0Tk"",""name"":""Clementi ActiveSG Gym"",""capacityPercentage"":0,""type"":""gym"",""isClosed"":true}",api_response
2026-07-12T14:19:41+00:00,2026-07-12T22:19:00+08:00,Clementi ActiveSG Gym,closed,,Closed,"{""id"":""EcBGtBDRSadwhso2WV0Tk"",""name"":""Clementi ActiveSG Gym"",""capacityPercentage"":0,""type"":""gym"",""isClosed"":true}",api_response
2026-07-12T15:20:07+00:00,2026-07-12T23:20:00+08:00,Clementi ActiveSG Gym,closed,,Closed,"{""id"":""EcBGtBDRSadwhso2WV0Tk"",""name"":""Clementi ActiveSG Gym"",""capacityPercentage"":0,""type"":""gym"",""isClosed"":true}",api_response
2026-07-12T15:44:32+00:00,2026-07-12T23:44:00+08:00,Clementi ActiveSG Gym,closed,,Closed,"{""id"":""EcBGtBDRSadwhso2WV0Tk"",""name"":""Clementi ActiveSG Gym"",""capacityPercentage"":0,""type"":""gym"",""isClosed"":true}",api_response
2026-07-13T01:16:03+00:00,2026-07-13T09:16:00+08:00,Clementi ActiveSG Gym,open,58,58% full,"{""id"":""EcBGtBDRSadwhso2WV0Tk"",""name"":""Clementi ActiveSG Gym"",""capacityPercentage"":58,""type"":""gym"",""isClosed"":false}",api_response
2026-07-13T04:03:03+00:00,2026-07-13T12:03:00+08:00,Clementi ActiveSG Gym,open,66,66% full,"{""id"":""EcBGtBDRSadwhso2WV0Tk"",""name"":""Clementi ActiveSG Gym"",""capacityPercentage"":66,""type"":""gym"",""isClosed"":false}",api_response
2026-07-13T05:19:55+00:00,2026-07-13T13:19:00+08:00,Clementi ActiveSG Gym,open,59,59% full,"{""id"":""EcBGtBDRSadwhso2WV0Tk"",""name"":""Clementi ActiveSG Gym"",""capacityPercentage"":59,""type"":""gym"",""isClosed"":false}",api_response
2026-07-13T07:39:26+00:00,2026-07-13T15:39:00+08:00,Clementi ActiveSG Gym,open,49,49% full,"{""id"":""EcBGtBDRSadwhso2WV0Tk"",""name"":""Clementi ActiveSG Gym"",""capacityPercentage"":49,""type"":""gym"",""isClosed"":false}",api_response
2026-07-13T08:34:00+00:00,2026-07-13T16:33:00+08:00,Clementi ActiveSG Gym,open,54,54% full,"{""id"":""EcBGtBDRSadwhso2WV0Tk"",""name"":""Clementi ActiveSG Gym"",""capacityPercentage"":54,""type"":""gym"",""isClosed"":false}",api_response
2026-07-13T11:30:03+00:00,2026-07-13T19:30:00+08:00,Clementi ActiveSG Gym,open,75,75% full,"{""id"":""EcBGtBDRSadwhso2WV0Tk"",""name"":""Clementi ActiveSG Gym"",""capacityPercentage"":75,""type"":""gym"",""isClosed"":false}",api_response
2026-07-13T13:52:19+00:00,2026-07-13T21:52:00+08:00,Clementi ActiveSG Gym,open,0,0% full,"{""id"":""EcBGtBDRSadwhso2WV0Tk"",""name"":""Clementi ActiveSG Gym"",""capacityPercentage"":0,""type"":""gym"",""isClosed"":false}",api_response
2026-07-13T15:13:46+00:00,2026-07-13T23:13:00+08:00,Clementi ActiveSG Gym,closed,,Closed,"{""id"":""EcBGtBDRSadwhso2WV0Tk"",""name"":""Clementi ActiveSG Gym"",""capacityPercentage"":0,""type"":""gym"",""isClosed"":true}",api_response
2026-07-13T15:24:12+00:00,2026-07-13T23:24:00+08:00,Clementi ActiveSG Gym,closed,,Closed,"{""id"":""EcBGtBDRSadwhso2WV0Tk"",""name"":""Clementi ActiveSG Gym"",""capacityPercentage"":0,""type"":""gym"",""isClosed"":true}",api_response
2026-07-14T00:08:40+00:00,2026-07-14T08:08:00+08:00,Clementi ActiveSG Gym,open,62,62% full,"{""id"":""EcBGtBDRSadwhso2WV0Tk"",""name"":""Clementi ActiveSG Gym"",""capacityPercentage"":62,""type"":""gym"",""isClosed"":false}",api_response
2026-07-14T00:54:31+00:00,2026-07-14T08:54:00+08:00,Clementi ActiveSG Gym,open,58,58% full,"{""id"":""EcBGtBDRSadwhso2WV0Tk"",""name"":""Clementi ActiveSG Gym"",""capacityPercentage"":58,""type"":""gym"",""isClosed"":false}",api_response
2026-07-14T01:06:16+00:00,2026-07-14T09:06:00+08:00,Clementi ActiveSG Gym,open,62,62% full,"{""id"":""EcBGtBDRSadwhso2WV0Tk"",""name"":""Clementi ActiveSG Gym"",""capacityPercentage"":62,""type"":""gym"",""isClosed"":false}",api_response
2026-07-14T03:35:30+00:00,2026-07-14T11:35:00+08:00,Clementi ActiveSG Gym,open,42,42% full,"{""id"":""EcBGtBDRSadwhso2WV0Tk"",""name"":""Clementi ActiveSG Gym"",""capacityPercentage"":42,""type"":""gym"",""isClosed"":false}",api_response
2026-07-14T04:30:43+00:00,2026-07-14T12:30:00+08:00,Clementi ActiveSG Gym,open,55,55% full,"{""id"":""EcBGtBDRSadwhso2WV0Tk"",""name"":""Clementi ActiveSG Gym"",""capacityPercentage"":55,""type"":""gym"",""isClosed"":false}",api_response
2026-07-14T04:35:35+00:00,2026-07-14T12:35:00+08:00,Clementi ActiveSG Gym,open,54,54% full,"{""id"":""EcBGtBDRSadwhso2WV0Tk"",""name"":""Clementi ActiveSG Gym"",""capacityPercentage"":54,""type"":""gym"",""isClosed"":false}",api_response
2026-07-14T06:36:03+00:00,2026-07-14T14:36:00+08:00,Clementi ActiveSG Gym,open,31,31% full,"{""id"":""EcBGtBDRSadwhso2WV0Tk"",""name"":""Clementi ActiveSG Gym"",""capacityPercentage"":31,""type"":""gym"",""isClosed"":false}",api_response
2026-07-14T06:59:33+00:00,2026-07-14T14:59:00+08:00,Clementi ActiveSG Gym,open,34,34% full,"{""id"":""EcBGtBDRSadwhso2WV0Tk"",""name"":""Clementi ActiveSG Gym"",""capacityPercentage"":34,""type"":""gym"",""isClosed"":false}",api_response
2026-07-14T09:31:30+00:00,2026-07-14T17:31:00+08:00,Clementi ActiveSG Gym,open,52,52% full,"{""id"":""EcBGtBDRSadwhso2WV0Tk"",""name"":""Clementi ActiveSG Gym"",""capacityPercentage"":52,""type"":""gym"",""isClosed"":false}",api_response
2026-07-14T12:49:15+00:00,2026-07-14T20:49:00+08:00,Clementi ActiveSG Gym,open,80,80% full,"{""id"":""EcBGtBDRSadwhso2WV0Tk"",""name"":""Clementi ActiveSG Gym"",""capacityPercentage"":80,""type"":""gym"",""isClosed"":false}",api_response
2026-07-14T12:56:28+00:00,2026-07-14T20:56:00+08:00,Clementi ActiveSG Gym,open,83,83% full,"{""id"":""EcBGtBDRSadwhso2WV0Tk"",""name"":""Clementi ActiveSG Gym"",""capacityPercentage"":83,""type"":""gym"",""isClosed"":false}",api_response
2026-07-14T14:44:17+00:00,2026-07-14T22:44:00+08:00,Clementi ActiveSG Gym,closed,,Closed,"{""id"":""EcBGtBDRSadwhso2WV0Tk"",""name"":""Clementi ActiveSG Gym"",""capacityPercentage"":0,""type"":""gym"",""isClosed"":true}",api_response
2026-07-14T15:09:34+00:00,2026-07-14T23:09:00+08:00,Clementi ActiveSG Gym,closed,,Closed,"{""id"":""EcBGtBDRSadwhso2WV0Tk"",""name"":""Clementi ActiveSG Gym"",""capacityPercentage"":0,""type"":""gym"",""isClosed"":true}",api_response
2026-07-14T16:05:41+00:00,2026-07-15T00:05:00+08:00,Clementi ActiveSG Gym,closed,,Closed,"{""id"":""EcBGtBDRSadwhso2WV0Tk"",""name"":""Clementi ActiveSG Gym"",""capacityPercentage"":0,""type"":""gym"",""isClosed"":true}",api_response
2026-07-15T03:36:30+00:00,2026-07-15T11:36:00+08:00,Clementi ActiveSG Gym,open,51,51% full,"{""id"":""EcBGtBDRSadwhso2WV0Tk"",""name"":""Clementi ActiveSG Gym"",""capacityPercentage"":51,""type"":""gym"",""isClosed"":false}",api_response
2026-07-15T04:30:04+00:00,2026-07-15T12:30:00+08:00,Clementi ActiveSG Gym,open,37,37% full,"{""id"":""EcBGtBDRSadwhso2WV0Tk"",""name"":""Clementi ActiveSG Gym"",""capacityPercentage"":37,""type"":""gym"",""isClosed"":false}",api_response
2026-07-15T04:35:32+00:00,2026-07-15T12:35:00+08:00,Clementi ActiveSG Gym,open,38,38% full,"{""id"":""EcBGtBDRSadwhso2WV0Tk"",""name"":""Clementi ActiveSG Gym"",""capacityPercentage"":38,""type"":""gym"",""isClosed"":false}",api_response
2026-07-15T06:37:35+00:00,2026-07-15T14:37:00+08:00,Clementi ActiveSG Gym,open,44,44% full,"{""id"":""EcBGtBDRSadwhso2WV0Tk"",""name"":""Clementi ActiveSG Gym"",""capacityPercentage"":44,""type"":""gym"",""isClosed"":false}",api_response
2026-07-15T07:03:15+00:00,2026-07-15T15:03:00+08:00,Clementi ActiveSG Gym,open,46,46% full,"{""id"":""EcBGtBDRSadwhso2WV0Tk"",""name"":""Clementi ActiveSG Gym"",""capacityPercentage"":46,""type"":""gym"",""isClosed"":false}",api_response
2026-07-15T11:11:00+00:00,2026-07-15T19:10:00+08:00,Clementi ActiveSG Gym,open,75,75% full,"{""id"":""EcBGtBDRSadwhso2WV0Tk"",""name"":""Clementi ActiveSG Gym"",""capacityPercentage"":75,""type"":""gym"",""isClosed"":false}",api_response
2026-07-15T12:53:54+00:00,2026-07-15T20:53:00+08:00,Clementi ActiveSG Gym,open,72,72% full,"{""id"":""EcBGtBDRSadwhso2WV0Tk"",""name"":""Clementi ActiveSG Gym"",""capacityPercentage"":72,""type"":""gym"",""isClosed"":false}",api_response
2026-07-15T15:51:49+00:00,2026-07-15T23:51:00+08:00,Clementi ActiveSG Gym,closed,,Closed,"{""id"":""EcBGtBDRSadwhso2WV0Tk"",""name"":""Clementi ActiveSG Gym"",""capacityPercentage"":0,""type"":""gym"",""isClosed"":true}",api_response
2026-07-16T00:10:53+00:00,2026-07-16T08:10:00+08:00,Clementi ActiveSG Gym,open,48,48% full,"{""id"":""EcBGtBDRSadwhso2WV0Tk"",""name"":""Clementi ActiveSG Gym"",""capacityPercentage"":48,""type"":""gym"",""isClosed"":false}",api_response
2026-07-16T01:12:20+00:00,2026-07-16T09:12:00+08:00,Clementi ActiveSG Gym,open,49,49% full,"{""id"":""EcBGtBDRSadwhso2WV0Tk"",""name"":""Clementi ActiveSG Gym"",""capacityPercentage"":49,""type"":""gym"",""isClosed"":false}",api_response
2026-07-16T03:39:00+00:00,2026-07-16T11:38:00+08:00,Clementi ActiveSG Gym,open,57,57% full,"{""id"":""EcBGtBDRSadwhso2WV0Tk"",""name"":""Clementi ActiveSG Gym"",""capacityPercentage"":57,""type"":""gym"",""isClosed"":false}",api_response
2026-07-16T04:46:08+00:00,2026-07-16T12:46:00+08:00,Clementi ActiveSG Gym,open,44,44% full,"{""id"":""EcBGtBDRSadwhso2WV0Tk"",""name"":""Clementi ActiveSG Gym"",""capacityPercentage"":44,""type"":""gym"",""isClosed"":false}",api_response
2026-07-16T06:32:43+00:00,2026-07-16T14:32:00+08:00,Clementi ActiveSG Gym,open,47,47% full,"{""id"":""EcBGtBDRSadwhso2WV0Tk"",""name"":""Clementi ActiveSG Gym"",""capacityPercentage"":47,""type"":""gym"",""isClosed"":false}",api_response
2026-07-16T14:24:40+00:00,2026-07-16T22:24:00+08:00,Clementi ActiveSG Gym,closed,,Closed,"{""id"":""EcBGtBDRSadwhso2WV0Tk"",""name"":""Clementi ActiveSG Gym"",""capacityPercentage"":0,""type"":""gym"",""isClosed"":true}",api_response
2026-07-16T15:22:24+00:00,2026-07-16T23:22:00+08:00,Clementi ActiveSG Gym,closed,,Closed,"{""id"":""EcBGtBDRSadwhso2WV0Tk"",""name"":""Clementi ActiveSG Gym"",""capacityPercentage"":0,""type"":""gym"",""isClosed"":true}",api_response
2026-07-17T01:16:02+00:00,2026-07-17T09:16:00+08:00,Clementi ActiveSG Gym,open,58,58% full,"{""id"":""EcBGtBDRSadwhso2WV0Tk"",""name"":""Clementi ActiveSG Gym"",""capacityPercentage"":58,""type"":""gym"",""isClosed"":false}",api_response
2026-07-17T03:40:20+00:00,2026-07-17T11:40:00+08:00,Clementi ActiveSG Gym,open,42,42% full,"{""id"":""EcBGtBDRSadwhso2WV0Tk"",""name"":""Clementi ActiveSG Gym"",""capacityPercentage"":42,""type"":""gym"",""isClosed"":false}",api_response
2026-07-17T04:48:38+00:00,2026-07-17T12:48:00+08:00,Clementi ActiveSG Gym,open,41,41% full,"{""id"":""EcBGtBDRSadwhso2WV0Tk"",""name"":""Clementi ActiveSG Gym"",""capacityPercentage"":41,""type"":""gym"",""isClosed"":false}",api_response
2026-07-17T07:06:30+00:00,2026-07-17T15:06:00+08:00,Clementi ActiveSG Gym,open,49,49% full,"{""id"":""EcBGtBDRSadwhso2WV0Tk"",""name"":""Clementi ActiveSG Gym"",""capacityPercentage"":49,""type"":""gym"",""isClosed"":false}",api_response
2026-07-17T14:04:34+00:00,2026-07-17T22:04:00+08:00,Clementi ActiveSG Gym,closed,,Closed,"{""id"":""EcBGtBDRSadwhso2WV0Tk"",""name"":""Clementi ActiveSG Gym"",""capacityPercentage"":0,""type"":""gym"",""isClosed"":true}",api_response
2026-07-17T15:42:06+00:00,2026-07-17T23:42:00+08:00,Clementi ActiveSG Gym,closed,,Closed,"{""id"":""EcBGtBDRSadwhso2WV0Tk"",""name"":""Clementi ActiveSG Gym"",""capacityPercentage"":0,""type"":""gym"",""isClosed"":true}",api_response
2026-07-18T08:28:39+00:00,2026-07-18T16:28:00+08:00,Clementi ActiveSG Gym,open,71,71% full,"{""id"":""EcBGtBDRSadwhso2WV0Tk"",""name"":""Clementi ActiveSG Gym"",""capacityPercentage"":71,""type"":""gym"",""isClosed"":false}",api_response
2026-07-18T12:05:53+00:00,2026-07-18T20:05:00+08:00,Clementi ActiveSG Gym,open,40,40% full,"{""id"":""EcBGtBDRSadwhso2WV0Tk"",""name"":""Clementi ActiveSG Gym"",""capacityPercentage"":40,""type"":""gym"",""isClosed"":false}",api_response
2026-07-19T11:00:45+00:00,2026-07-19T19:00:00+08:00,Clementi ActiveSG Gym,open,68,68% full,"{""id"":""EcBGtBDRSadwhso2WV0Tk"",""name"":""Clementi ActiveSG Gym"",""capacityPercentage"":68,""type"":""gym"",""isClosed"":false}",api_response
2026-07-21T04:49:50+00:00,2026-07-21T12:49:00+08:00,Clementi ActiveSG Gym,open,39,39% full,"{""id"":""EcBGtBDRSadwhso2WV0Tk"",""name"":""Clementi ActiveSG Gym"",""capacityPercentage"":39,""type"":""gym"",""isClosed"":false}",api_response
2026-07-21T04:53:38+00:00,2026-07-21T12:53:00+08:00,Clementi ActiveSG Gym,open,39,39% full,"{""id"":""EcBGtBDRSadwhso2WV0Tk"",""name"":""Clementi ActiveSG Gym"",""capacityPercentage"":39,""type"":""gym"",""isClosed"":false}",api_response
2026-07-21T12:56:41+00:00,2026-07-21T20:56:00+08:00,Clementi ActiveSG Gym,open,74,74% full,"{""id"":""EcBGtBDRSadwhso2WV0Tk"",""name"":""Clementi ActiveSG Gym"",""capacityPercentage"":74,""type"":""gym"",""isClosed"":false}",api_response
2026-07-21T15:23:17+00:00,2026-07-21T23:23:00+08:00,Clementi ActiveSG Gym,closed,,Closed,"{""id"":""EcBGtBDRSadwhso2WV0Tk"",""name"":""Clementi ActiveSG Gym"",""capacityPercentage"":0,""type"":""gym"",""isClosed"":true}",api_response
2026-07-22T04:53:24+00:00,2026-07-22T12:53:00+08:00,Clementi ActiveSG Gym,open,35,35% full,"{""id"":""EcBGtBDRSadwhso2WV0Tk"",""name"":""Clementi ActiveSG Gym"",""capacityPercentage"":35,""type"":""gym"",""isClosed"":false}",api_response
2026-07-23T10:54:40+00:00,2026-07-23T18:54:00+08:00,Clementi ActiveSG Gym,open,68,68% full,"{""id"":""EcBGtBDRSadwhso2WV0Tk"",""name"":""Clementi ActiveSG Gym"",""capacityPercentage"":68,""type"":""gym"",""isClosed"":false}",api_response
2026-07-23T16:22:21+00:00,2026-07-24T00:22:00+08:00,Clementi ActiveSG Gym,closed,,Closed,"{""id"":""EcBGtBDRSadwhso2WV0Tk"",""name"":""Clementi ActiveSG Gym"",""capacityPercentage"":0,""type"":""gym"",""isClosed"":true}",api_response
2026-07-24T07:25:45+00:00,2026-07-24T15:25:00+08:00,Clementi ActiveSG Gym,open,73,73% full,"{""id"":""EcBGtBDRSadwhso2WV0Tk"",""name"":""Clementi ActiveSG Gym"",""capacityPercentage"":73,""type"":""gym"",""isClosed"":false}",api_response
2026-07-24T12:08:51+00:00,2026-07-24T20:08:00+08:00,Clementi ActiveSG Gym,open,69,69% full,"{""id"":""EcBGtBDRSadwhso2WV0Tk"",""name"":""Clementi ActiveSG Gym"",""capacityPercentage"":69,""type"":""gym"",""isClosed"":false}",api_response
2026-07-27T05:33:26+00:00,2026-07-27T13:33:00+08:00,Clementi ActiveSG Gym,open,43,43% full,"{""id"":""EcBGtBDRSadwhso2WV0Tk"",""name"":""Clementi ActiveSG Gym"",""capacityPercentage"":43,""type"":""gym"",""isClosed"":false}",api_response
2026-07-27T16:00:05+00:00,2026-07-28T00:00:00+08:00,Clementi ActiveSG Gym,closed,,Closed,"{""id"":""EcBGtBDRSadwhso2WV0Tk"",""name"":""Clementi ActiveSG Gym"",""capacityPercentage"":0,""type"":""gym"",""isClosed"":true}",api_response
2026-07-28T01:10:37+00:00,2026-07-28T09:10:00+08:00,Clementi ActiveSG Gym,open,46,46% full,"{""id"":""EcBGtBDRSadwhso2WV0Tk"",""name"":""Clementi ActiveSG Gym"",""capacityPercentage"":46,""type"":""gym"",""isClosed"":false}",api_response
2026-07-29T15:20:06+00:00,2026-07-29T23:20:00+08:00,Clementi ActiveSG Gym,closed,,Closed,"{""id"":""EcBGtBDRSadwhso2WV0Tk"",""name"":""Clementi ActiveSG Gym"",""capacityPercentage"":0,""type"":""gym"",""isClosed"":true}",api_response
2026-07-31T00:16:35+00:00,2026-07-31T08:16:00+08:00,Clementi ActiveSG Gym,open,43,43% full,"{""id"":""EcBGtBDRSadwhso2WV0Tk"",""name"":""Clementi ActiveSG Gym"",""capacityPercentage"":43,""type"":""gym"",""isClosed"":false}",api_response
2026-07-31T07:15:01+00:00,2026-07-31T15:14:00+08:00,Clementi ActiveSG Gym,open,49,49% full,"{""id"":""EcBGtBDRSadwhso2WV0Tk"",""name"":""Clementi ActiveSG Gym"",""capacityPercentage"":49,""type"":""gym"",""isClosed"":false}",api_response
2026-08-01T00:12:20+00:00,2026-08-01T08:12:00+08:00,Clementi ActiveSG Gym,open,37,37% full,"{""id"":""EcBGtBDRSadwhso2WV0Tk"",""name"":""Clementi ActiveSG Gym"",""capacityPercentage"":37,""type"":""gym"",""isClosed"":false}",api_response
2026-08-01T01:05:10+00:00,2026-08-01T09:05:00+08:00,Clementi ActiveSG Gym,open,45,45% full,"{""id"":""EcBGtBDRSadwhso2WV0Tk"",""name"":""Clementi ActiveSG Gym"",""capacityPercentage"":45,""type"":""gym"",""isClosed"":false}",api_response
2026-08-01T01:20:38+00:00,2026-08-01T09:20:00+08:00,Clementi ActiveSG Gym,open,43,43% full,"{""id"":""EcBGtBDRSadwhso2WV0Tk"",""name"":""Clementi ActiveSG Gym"",""capacityPercentage"":43,""type"":""gym"",""isClosed"":false}",api_response
2026-08-01T03:51:51+00:00,2026-08-01T11:51:00+08:00,Clementi ActiveSG Gym,open,58,58% full,"{""id"":""EcBGtBDRSadwhso2WV0Tk"",""name"":""Clementi ActiveSG Gym"",""capacityPercentage"":58,""type"":""gym"",""isClosed"":false}",api_response
2026-08-01T04:55:52+00:00,2026-08-01T12:55:00+08:00,Clementi ActiveSG Gym,open,62,62% full,"{""id"":""EcBGtBDRSadwhso2WV0Tk"",""name"":""Clementi ActiveSG Gym"",""capacityPercentage"":62,""type"":""gym"",""isClosed"":false}",api_response
2026-08-01T05:02:17+00:00,2026-08-01T13:02:00+08:00,Clementi ActiveSG Gym,open,51,51% full,"{""id"":""EcBGtBDRSadwhso2WV0Tk"",""name"":""Clementi ActiveSG Gym"",""capacityPercentage"":51,""type"":""gym"",""isClosed"":false}",api_response
2026-08-01T06:41:36+00:00,2026-08-01T14:41:00+08:00,Clementi ActiveSG Gym,open,39,39% full,"{""id"":""EcBGtBDRSadwhso2WV0Tk"",""name"":""Clementi ActiveSG Gym"",""capacityPercentage"":39,""type"":""gym"",""isClosed"":false}",api_response
2026-08-01T07:42:32+00:00,2026-08-01T15:42:00+08:00,Clementi ActiveSG Gym,open,55,55% full,"{""id"":""EcBGtBDRSadwhso2WV0Tk"",""name"":""Clementi ActiveSG Gym"",""capacityPercentage"":55,""type"":""gym"",""isClosed"":false}",api_response
2026-08-01T07:54:12+00:00,2026-08-01T15:54:00+08:00,Clementi ActiveSG Gym,open,51,51% full,"{""id"":""EcBGtBDRSadwhso2WV0Tk"",""name"":""Clementi ActiveSG Gym"",""capacityPercentage"":51,""type"":""gym"",""isClosed"":false}",api_response
2026-08-01T09:22:03+00:00,2026-08-01T17:22:00+08:00,Clementi ActiveSG Gym,open,62,62% full,"{""id"":""EcBGtBDRSadwhso2WV0Tk"",""name"":""Clementi ActiveSG Gym"",""capacityPercentage"":62,""type"":""gym"",""isClosed"":false}",api_response
2026-08-01T09:46:27+00:00,2026-08-01T17:46:00+08:00,Clementi ActiveSG Gym,open,60,60% full,"{""id"":""EcBGtBDRSadwhso2WV0Tk"",""name"":""Clementi ActiveSG Gym"",""capacityPercentage"":60,""type"":""gym"",""isClosed"":false}",api_response
2026-08-01T10:17:44+00:00,2026-08-01T18:17:00+08:00,Clementi ActiveSG Gym,open,62,62% full,"{""id"":""EcBGtBDRSadwhso2WV0Tk"",""name"":""Clementi ActiveSG Gym"",""capacityPercentage"":62,""type"":""gym"",""isClosed"":false}",api_response
2026-08-01T11:08:06+00:00,2026-08-01T19:08:00+08:00,Clementi ActiveSG Gym,open,51,51% full,"{""id"":""EcBGtBDRSadwhso2WV0Tk"",""name"":""Clementi ActiveSG Gym"",""capacityPercentage"":51,""type"":""gym"",""isClosed"":false}",api_response
2026-08-01T11:37:20+00:00,2026-08-01T19:37:00+08:00,Clementi ActiveSG Gym,open,47,47% full,"{""id"":""EcBGtBDRSadwhso2WV0Tk"",""name"":""Clementi ActiveSG Gym"",""capacityPercentage"":47,""type"":""gym"",""isClosed"":false}",api_response
2026-08-01T11:44:08+00:00,2026-08-01T19:44:00+08:00,Clementi ActiveSG Gym,open,47,47% full,"{""id"":""EcBGtBDRSadwhso2WV0Tk"",""name"":""Clementi ActiveSG Gym"",""capacityPercentage"":47,""type"":""gym"",""isClosed"":false}",api_response
2026-08-01T12:44:00+00:00,2026-08-01T20:43:00+08:00,Clementi ActiveSG Gym,open,40,40% full,"{""id"":""EcBGtBDRSadwhso2WV0Tk"",""name"":""Clementi ActiveSG Gym"",""capacityPercentage"":40,""type"":""gym"",""isClosed"":false}",api_response
2026-08-01T13:56:33+00:00,2026-08-01T21:56:00+08:00,Clementi ActiveSG Gym,open,0,0% full,"{""id"":""EcBGtBDRSadwhso2WV0Tk"",""name"":""Clementi ActiveSG Gym"",""capacityPercentage"":0,""type"":""gym"",""isClosed"":false}",api_response
2026-08-01T14:08:10+00:00,2026-08-01T22:08:00+08:00,Clementi ActiveSG Gym,closed,,Closed,"{""id"":""EcBGtBDRSadwhso2WV0Tk"",""name"":""Clementi ActiveSG Gym"",""capacityPercentage"":0,""type"":""gym"",""isClosed"":true}",api_response
2026-08-01T14:17:54+00:00,2026-08-01T22:17:00+08:00,Clementi ActiveSG Gym,closed,,Closed,"{""id"":""EcBGtBDRSadwhso2WV0Tk"",""name"":""Clementi ActiveSG Gym"",""capacityPercentage"":0,""type"":""gym"",""isClosed"":true}",api_response
2026-08-01T15:27:53+00:00,2026-08-01T23:27:00+08:00,Clementi ActiveSG Gym,closed,,Closed,"{""id"":""EcBGtBDRSadwhso2WV0Tk"",""name"":""Clementi ActiveSG Gym"",""capacityPercentage"":0,""type"":""gym"",""isClosed"":true}",api_response
2026-08-01T15:38:20+00:00,2026-08-01T23:38:00+08:00,Clementi ActiveSG Gym,closed,,Closed,"{""id"":""EcBGtBDRSadwhso2WV0Tk"",""name"":""Clementi ActiveSG Gym"",""capacityPercentage"":0,""type"":""gym"",""isClosed"":true}",api_response
2026-08-01T15:47:32+00:00,2026-08-01T23:47:00+08:00,Clementi ActiveSG Gym,closed,,Closed,"{""id"":""EcBGtBDRSadwhso2WV0Tk"",""name"":""Clementi ActiveSG Gym"",""capacityPercentage"":0,""type"":""gym"",""isClosed"":true}",api_response
2026-08-02T00:13:52+00:00,2026-08-02T08:13:00+08:00,Clementi ActiveSG Gym,open,29,29% full,"{""id"":""EcBGtBDRSadwhso2WV0Tk"",""name"":""Clementi ActiveSG Gym"",""capacityPercentage"":29,""type"":""gym"",""isClosed"":false}",api_response
2026-08-02T01:07:49+00:00,2026-08-02T09:07:00+08:00,Clementi ActiveSG Gym,open,41,41% full,"{""id"":""EcBGtBDRSadwhso2WV0Tk"",""name"":""Clementi ActiveSG Gym"",""capacityPercentage"":41,""type"":""gym"",""isClosed"":false}",api_response
2026-08-02T01:18:29+00:00,2026-08-02T09:18:00+08:00,Clementi ActiveSG Gym,open,42,42% full,"{""id"":""EcBGtBDRSadwhso2WV0Tk"",""name"":""Clementi ActiveSG Gym"",""capacityPercentage"":42,""type"":""gym"",""isClosed"":false}",api_response
2026-08-02T03:55:42+00:00,2026-08-02T11:55:00+08:00,Clementi ActiveSG Gym,open,42,42% full,"{""id"":""EcBGtBDRSadwhso2WV0Tk"",""name"":""Clementi ActiveSG Gym"",""capacityPercentage"":42,""type"":""gym"",""isClosed"":false}",api_response
2026-08-02T04:57:26+00:00,2026-08-02T12:57:00+08:00,Clementi ActiveSG Gym,open,49,49% full,"{""id"":""EcBGtBDRSadwhso2WV0Tk"",""name"":""Clementi ActiveSG Gym"",""capacityPercentage"":49,""type"":""gym"",""isClosed"":false}",api_response
2026-08-02T05:03:28+00:00,2026-08-02T13:03:00+08:00,Clementi ActiveSG Gym,open,44,44% full,"{""id"":""EcBGtBDRSadwhso2WV0Tk"",""name"":""Clementi ActiveSG Gym"",""capacityPercentage"":44,""type"":""gym"",""isClosed"":false}",api_response
2026-08-02T06:46:15+00:00,2026-08-02T14:46:00+08:00,Clementi ActiveSG Gym,open,61,61% full,"{""id"":""EcBGtBDRSadwhso2WV0Tk"",""name"":""Clementi ActiveSG Gym"",""capacityPercentage"":61,""type"":""gym"",""isClosed"":false}",api_response
2026-08-02T07:50:17+00:00,2026-08-02T15:50:00+08:00,Clementi ActiveSG Gym,open,57,57% full,"{""id"":""EcBGtBDRSadwhso2WV0Tk"",""name"":""Clementi ActiveSG Gym"",""capacityPercentage"":57,""type"":""gym"",""isClosed"":false}",api_response
2026-08-02T07:56:31+00:00,2026-08-02T15:56:00+08:00,Clementi ActiveSG Gym,open,57,57% full,"{""id"":""EcBGtBDRSadwhso2WV0Tk"",""name"":""Clementi ActiveSG Gym"",""capacityPercentage"":57,""type"":""gym"",""isClosed"":false}",api_response
2026-08-02T09:22:51+00:00,2026-08-02T17:22:00+08:00,Clementi ActiveSG Gym,open,53,53% full,"{""id"":""EcBGtBDRSadwhso2WV0Tk"",""name"":""Clementi ActiveSG Gym"",""capacityPercentage"":53,""type"":""gym"",""isClosed"":false}",api_response
2026-08-02T09:50:24+00:00,2026-08-02T17:50:00+08:00,Clementi ActiveSG Gym,open,56,56% full,"{""id"":""EcBGtBDRSadwhso2WV0Tk"",""name"":""Clementi ActiveSG Gym"",""capacityPercentage"":56,""type"":""gym"",""isClosed"":false}",api_response
2026-08-02T10:16:20+00:00,2026-08-02T18:16:00+08:00,Clementi ActiveSG Gym,open,51,51% full,"{""id"":""EcBGtBDRSadwhso2WV0Tk"",""name"":""Clementi ActiveSG Gym"",""capacityPercentage"":51,""type"":""gym"",""isClosed"":false}",api_response
2026-08-02T11:08:22+00:00,2026-08-02T19:08:00+08:00,Clementi ActiveSG Gym,open,58,58% full,"{""id"":""EcBGtBDRSadwhso2WV0Tk"",""name"":""Clementi ActiveSG Gym"",""capacityPercentage"":58,""type"":""gym"",""isClosed"":false}",api_response
2026-08-02T11:35:08+00:00,2026-08-02T19:35:00+08:00,Clementi ActiveSG Gym,open,47,47% full,"{""id"":""EcBGtBDRSadwhso2WV0Tk"",""name"":""Clementi ActiveSG Gym"",""capacityPercentage"":47,""type"":""gym"",""isClosed"":false}",api_response
2026-08-02T11:43:20+00:00,2026-08-02T19:43:00+08:00,Clementi ActiveSG Gym,open,47,47% full,"{""id"":""EcBGtBDRSadwhso2WV0Tk"",""name"":""Clementi ActiveSG Gym"",""capacityPercentage"":47,""type"":""gym"",""isClosed"":false}",api_response
2026-08-02T12:45:45+00:00,2026-08-02T20:45:00+08:00,Clementi ActiveSG Gym,open,53,53% full,"{""id"":""EcBGtBDRSadwhso2WV0Tk"",""name"":""Clementi ActiveSG Gym"",""capacityPercentage"":53,""type"":""gym"",""isClosed"":false}",api_response
2026-08-02T13:56:56+00:00,2026-08-02T21:56:00+08:00,Clementi ActiveSG Gym,open,0,0% full,"{""id"":""EcBGtBDRSadwhso2WV0Tk"",""name"":""Clementi ActiveSG Gym"",""capacityPercentage"":0,""type"":""gym"",""isClosed"":false}",api_response
2026-08-02T14:09:57+00:00,2026-08-02T22:09:00+08:00,Clementi ActiveSG Gym,closed,,Closed,"{""id"":""EcBGtBDRSadwhso2WV0Tk"",""name"":""Clementi ActiveSG Gym"",""capacityPercentage"":0,""type"":""gym"",""isClosed"":true}",api_response
2026-08-02T14:19:16+00:00,2026-08-02T22:19:00+08:00,Clementi ActiveSG Gym,closed,,Closed,"{""id"":""EcBGtBDRSadwhso2WV0Tk"",""name"":""Clementi ActiveSG Gym"",""capacityPercentage"":0,""type"":""gym"",""isClosed"":true}",api_response
2026-08-02T15:28:38+00:00,2026-08-02T23:28:00+08:00,Clementi ActiveSG Gym,closed,,Closed,"{""id"":""EcBGtBDRSadwhso2WV0Tk"",""name"":""Clementi ActiveSG Gym"",""capacityPercentage"":0,""type"":""gym"",""isClosed"":true}",api_response
2026-08-02T15:40:36+00:00,2026-08-02T23:40:00+08:00,Clementi ActiveSG Gym,closed,,Closed,"{""id"":""EcBGtBDRSadwhso2WV0Tk"",""name"":""Clementi ActiveSG Gym"",""capacityPercentage"":0,""type"":""gym"",""isClosed"":true}",api_response
2026-08-02T15:48:17+00:00,2026-08-02T23:48:00+08:00,Clementi ActiveSG Gym,closed,,Closed,"{""id"":""EcBGtBDRSadwhso2WV0Tk"",""name"":""Clementi ActiveSG Gym"",""capacityPercentage"":0,""type"":""gym"",""isClosed"":true}",api_response
2026-08-03T00:13:50+00:00,2026-08-03T08:13:00+08:00,Clementi ActiveSG Gym,open,54,54% full,"{""id"":""EcBGtBDRSadwhso2WV0Tk"",""name"":""Clementi ActiveSG Gym"",""capacityPercentage"":54,""type"":""gym"",""isClosed"":false}",api_response
2026-08-03T01:08:27+00:00,2026-08-03T09:08:00+08:00,Clementi ActiveSG Gym,open,56,56% full,"{""id"":""EcBGtBDRSadwhso2WV0Tk"",""name"":""Clementi ActiveSG Gym"",""capacityPercentage"":56,""type"":""gym"",""isClosed"":false}",api_response
2026-08-03T01:18:59+00:00,2026-08-03T09:18:00+08:00,Clementi ActiveSG Gym,open,45,45% full,"{""id"":""EcBGtBDRSadwhso2WV0Tk"",""name"":""Clementi ActiveSG Gym"",""capacityPercentage"":45,""type"":""gym"",""isClosed"":false}",api_response
2026-08-03T03:57:15+00:00,2026-08-03T11:57:00+08:00,Clementi ActiveSG Gym,open,68,68% full,"{""id"":""EcBGtBDRSadwhso2WV0Tk"",""name"":""Clementi ActiveSG Gym"",""capacityPercentage"":68,""type"":""gym"",""isClosed"":false}",api_response
2026-08-03T05:07:01+00:00,2026-08-03T13:07:00+08:00,Clementi ActiveSG Gym,open,49,49% full,"{""id"":""EcBGtBDRSadwhso2WV0Tk"",""name"":""Clementi ActiveSG Gym"",""capacityPercentage"":49,""type"":""gym"",""isClosed"":false}",api_response
2026-08-03T05:24:21+00:00,2026-08-03T13:24:00+08:00,Clementi ActiveSG Gym,open,56,56% full,"{""id"":""EcBGtBDRSadwhso2WV0Tk"",""name"":""Clementi ActiveSG Gym"",""capacityPercentage"":56,""type"":""gym"",""isClosed"":false}",api_response
2026-08-03T07:47:42+00:00,2026-08-03T15:47:00+08:00,Clementi ActiveSG Gym,open,57,57% full,"{""id"":""EcBGtBDRSadwhso2WV0Tk"",""name"":""Clementi ActiveSG Gym"",""capacityPercentage"":57,""type"":""gym"",""isClosed"":false}",api_response
2026-08-03T08:48:29+00:00,2026-08-03T16:48:00+08:00,Clementi ActiveSG Gym,open,77,77% full,"{""id"":""EcBGtBDRSadwhso2WV0Tk"",""name"":""Clementi ActiveSG Gym"",""capacityPercentage"":77,""type"":""gym"",""isClosed"":false}",api_response
2026-08-03T08:52:17+00:00,2026-08-03T16:52:00+08:00,Clementi ActiveSG Gym,open,81,81% full,"{""id"":""EcBGtBDRSadwhso2WV0Tk"",""name"":""Clementi ActiveSG Gym"",""capacityPercentage"":81,""type"":""gym"",""isClosed"":false}",api_response
2026-08-03T11:45:07+00:00,2026-08-03T19:45:00+08:00,Clementi ActiveSG Gym,open,83,83% full,"{""id"":""EcBGtBDRSadwhso2WV0Tk"",""name"":""Clementi ActiveSG Gym"",""capacityPercentage"":83,""type"":""gym"",""isClosed"":false}",api_response
2026-08-03T12:06:24+00:00,2026-08-03T20:06:00+08:00,Clementi ActiveSG Gym,open,88,88% full,"{""id"":""EcBGtBDRSadwhso2WV0Tk"",""name"":""Clementi ActiveSG Gym"",""capacityPercentage"":88,""type"":""gym"",""isClosed"":false}",api_response
2026-08-03T15:17:38+00:00,2026-08-03T23:17:00+08:00,Clementi ActiveSG Gym,closed,,Closed,"{""id"":""EcBGtBDRSadwhso2WV0Tk"",""name"":""Clementi ActiveSG Gym"",""capacityPercentage"":0,""type"":""gym"",""isClosed"":true}",api_response
2026-08-03T15:33:30+00:00,2026-08-03T23:33:00+08:00,Clementi ActiveSG Gym,closed,,Closed,"{""id"":""EcBGtBDRSadwhso2WV0Tk"",""name"":""Clementi ActiveSG Gym"",""capacityPercentage"":0,""type"":""gym"",""isClosed"":true}",api_response
2026-08-03T16:04:27+00:00,2026-08-04T00:04:00+08:00,Clementi ActiveSG Gym,closed,,Closed,"{""id"":""EcBGtBDRSadwhso2WV0Tk"",""name"":""Clementi ActiveSG Gym"",""capacityPercentage"":0,""type"":""gym"",""isClosed"":true}",api_response
2026-08-04T00:16:35+00:00,2026-08-04T08:16:00+08:00,Clementi ActiveSG Gym,open,45,45% full,"{""id"":""EcBGtBDRSadwhso2WV0Tk"",""name"":""Clementi ActiveSG Gym"",""capacityPercentage"":45,""type"":""gym"",""isClosed"":false}",api_response
2026-08-04T01:01:57+00:00,2026-08-04T09:01:00+08:00,Clementi ActiveSG Gym,open,45,45% full,"{""id"":""EcBGtBDRSadwhso2WV0Tk"",""name"":""Clementi ActiveSG Gym"",""capacityPercentage"":45,""type"":""gym"",""isClosed"":false}",api_response
2026-08-04T01:11:08+00:00,2026-08-04T09:11:00+08:00,Clementi ActiveSG Gym,open,40,40% full,"{""id"":""EcBGtBDRSadwhso2WV0Tk"",""name"":""Clementi ActiveSG Gym"",""capacityPercentage"":40,""type"":""gym"",""isClosed"":false}",api_response
2026-08-04T03:43:21+00:00,2026-08-04T11:43:00+08:00,Clementi ActiveSG Gym,open,57,57% full,"{""id"":""EcBGtBDRSadwhso2WV0Tk"",""name"":""Clementi ActiveSG Gym"",""capacityPercentage"":57,""type"":""gym"",""isClosed"":false}",api_response
2026-08-04T04:46:11+00:00,2026-08-04T12:46:00+08:00,Clementi ActiveSG Gym,open,51,51% full,"{""id"":""EcBGtBDRSadwhso2WV0Tk"",""name"":""Clementi ActiveSG Gym"",""capacityPercentage"":51,""type"":""gym"",""isClosed"":false}",api_response
2026-08-04T04:50:05+00:00,2026-08-04T12:50:00+08:00,Clementi ActiveSG Gym,open,49,49% full,"{""id"":""EcBGtBDRSadwhso2WV0Tk"",""name"":""Clementi ActiveSG Gym"",""capacityPercentage"":49,""type"":""gym"",""isClosed"":false}",api_response
2026-08-04T06:41:57+00:00,2026-08-04T14:41:00+08:00,Clementi ActiveSG Gym,open,52,52% full,"{""id"":""EcBGtBDRSadwhso2WV0Tk"",""name"":""Clementi ActiveSG Gym"",""capacityPercentage"":52,""type"":""gym"",""isClosed"":false}",api_response
2026-08-04T07:27:55+00:00,2026-08-04T15:27:00+08:00,Clementi ActiveSG Gym,open,65,65% full,"{""id"":""EcBGtBDRSadwhso2WV0Tk"",""name"":""Clementi ActiveSG Gym"",""capacityPercentage"":65,""type"":""gym"",""isClosed"":false}",api_response
2026-08-04T08:02:45+00:00,2026-08-04T16:02:00+08:00,Clementi ActiveSG Gym,open,62,62% full,"{""id"":""EcBGtBDRSadwhso2WV0Tk"",""name"":""Clementi ActiveSG Gym"",""capacityPercentage"":62,""type"":""gym"",""isClosed"":false}",api_response
2026-08-04T09:59:06+00:00,2026-08-04T17:59:00+08:00,Clementi ActiveSG Gym,open,81,81% full,"{""id"":""EcBGtBDRSadwhso2WV0Tk"",""name"":""Clementi ActiveSG Gym"",""capacityPercentage"":81,""type"":""gym"",""isClosed"":false}",api_response
2026-08-04T10:22:04+00:00,2026-08-04T18:22:00+08:00,Clementi ActiveSG Gym,open,79,79% full,"{""id"":""EcBGtBDRSadwhso2WV0Tk"",""name"":""Clementi ActiveSG Gym"",""capacityPercentage"":79,""type"":""gym"",""isClosed"":false}",api_response
2026-08-04T11:05:18+00:00,2026-08-04T19:05:00+08:00,Clementi ActiveSG Gym,open,92,92% full,"{""id"":""EcBGtBDRSadwhso2WV0Tk"",""name"":""Clementi ActiveSG Gym"",""capacityPercentage"":92,""type"":""gym"",""isClosed"":false}",api_response
2026-08-04T12:20:00+00:00,2026-08-04T20:19:00+08:00,Clementi ActiveSG Gym,open,88,88% full,"{""id"":""EcBGtBDRSadwhso2WV0Tk"",""name"":""Clementi ActiveSG Gym"",""capacityPercentage"":88,""type"":""gym"",""isClosed"":false}",api_response
2026-08-04T12:49:45+00:00,2026-08-04T20:49:00+08:00,Clementi ActiveSG Gym,open,78,78% full,"{""id"":""EcBGtBDRSadwhso2WV0Tk"",""name"":""Clementi ActiveSG Gym"",""capacityPercentage"":78,""type"":""gym"",""isClosed"":false}",api_response
2026-08-04T13:16:49+00:00,2026-08-04T21:16:00+08:00,Clementi ActiveSG Gym,open,74,74% full,"{""id"":""EcBGtBDRSadwhso2WV0Tk"",""name"":""Clementi ActiveSG Gym"",""capacityPercentage"":74,""type"":""gym"",""isClosed"":false}",api_response
2026-08-04T15:12:32+00:00,2026-08-04T23:12:00+08:00,Clementi ActiveSG Gym,closed,,Closed,"{""id"":""EcBGtBDRSadwhso2WV0Tk"",""name"":""Clementi ActiveSG Gym"",""capacityPercentage"":0,""type"":""gym"",""isClosed"":true}",api_response
2026-08-04T15:36:24+00:00,2026-08-04T23:36:00+08:00,Clementi ActiveSG Gym,closed,,Closed,"{""id"":""EcBGtBDRSadwhso2WV0Tk"",""name"":""Clementi ActiveSG Gym"",""capacityPercentage"":0,""type"":""gym"",""isClosed"":true}",api_response
2026-08-04T15:57:19+00:00,2026-08-04T23:57:00+08:00,Clementi ActiveSG Gym,closed,,Closed,"{""id"":""EcBGtBDRSadwhso2WV0Tk"",""name"":""Clementi ActiveSG Gym"",""capacityPercentage"":0,""type"":""gym"",""isClosed"":true}",api_response
2026-08-05T00:15:56+00:00,2026-08-05T08:15:00+08:00,Clementi ActiveSG Gym,open,55,55% full,"{""id"":""EcBGtBDRSadwhso2WV0Tk"",""name"":""Clementi ActiveSG Gym"",""capacityPercentage"":55,""type"":""gym"",""isClosed"":false}",api_response
2026-08-05T00:56:19+00:00,2026-08-05T08:56:00+08:00,Clementi ActiveSG Gym,open,57,57% full,"{""id"":""EcBGtBDRSadwhso2WV0Tk"",""name"":""Clementi ActiveSG Gym"",""capacityPercentage"":57,""type"":""gym"",""isClosed"":false}",api_response
2026-08-05T03:38:52+00:00,2026-08-05T11:38:00+08:00,Clementi ActiveSG Gym,open,29,29% full,"{""id"":""EcBGtBDRSadwhso2WV0Tk"",""name"":""Clementi ActiveSG Gym"",""capacityPercentage"":29,""type"":""gym"",""isClosed"":false}",api_response
2026-08-05T04:45:22+00:00,2026-08-05T12:45:00+08:00,Clementi ActiveSG Gym,open,44,44% full,"{""id"":""EcBGtBDRSadwhso2WV0Tk"",""name"":""Clementi ActiveSG Gym"",""capacityPercentage"":44,""type"":""gym"",""isClosed"":false}",api_response
2026-08-05T04:49:43+00:00,2026-08-05T12:49:00+08:00,Clementi ActiveSG Gym,open,46,46% full,"{""id"":""EcBGtBDRSadwhso2WV0Tk"",""name"":""Clementi ActiveSG Gym"",""capacityPercentage"":46,""type"":""gym"",""isClosed"":false}",api_response
2026-08-05T06:43:02+00:00,2026-08-05T14:43:00+08:00,Clementi ActiveSG Gym,open,34,34% full,"{""id"":""EcBGtBDRSadwhso2WV0Tk"",""name"":""Clementi ActiveSG Gym"",""capacityPercentage"":34,""type"":""gym"",""isClosed"":false}",api_response
2026-08-05T07:28:20+00:00,2026-08-05T15:28:00+08:00,Clementi ActiveSG Gym,open,54,54% full,"{""id"":""EcBGtBDRSadwhso2WV0Tk"",""name"":""Clementi ActiveSG Gym"",""capacityPercentage"":54,""type"":""gym"",""isClosed"":false}",api_response
2026-08-05T08:03:33+00:00,2026-08-05T16:03:00+08:00,Clementi ActiveSG Gym,open,46,46% full,"{""id"":""EcBGtBDRSadwhso2WV0Tk"",""name"":""Clementi ActiveSG Gym"",""capacityPercentage"":46,""type"":""gym"",""isClosed"":false}",api_response
2026-08-05T09:50:29+00:00,2026-08-05T17:50:00+08:00,Clementi ActiveSG Gym,open,67,67% full,"{""id"":""EcBGtBDRSadwhso2WV0Tk"",""name"":""Clementi ActiveSG Gym"",""capacityPercentage"":67,""type"":""gym"",""isClosed"":false}",api_response
2026-08-05T10:18:34+00:00,2026-08-05T18:18:00+08:00,Clementi ActiveSG Gym,open,60,60% full,"{""id"":""EcBGtBDRSadwhso2WV0Tk"",""name"":""Clementi ActiveSG Gym"",""capacityPercentage"":60,""type"":""gym"",""isClosed"":false}",api_response
2026-08-05T11:01:45+00:00,2026-08-05T19:01:00+08:00,Clementi ActiveSG Gym,open,72,72% full,"{""id"":""EcBGtBDRSadwhso2WV0Tk"",""name"":""Clementi ActiveSG Gym"",""capacityPercentage"":72,""type"":""gym"",""isClosed"":false}",api_response
2026-08-05T12:17:36+00:00,2026-08-05T20:17:00+08:00,Clementi ActiveSG Gym,open,60,60% full,"{""id"":""EcBGtBDRSadwhso2WV0Tk"",""name"":""Clementi ActiveSG Gym"",""capacityPercentage"":60,""type"":""gym"",""isClosed"":false}",api_response
2026-08-05T12:28:56+00:00,2026-08-05T20:28:00+08:00,Clementi ActiveSG Gym,open,63,63% full,"{""id"":""EcBGtBDRSadwhso2WV0Tk"",""name"":""Clementi ActiveSG Gym"",""capacityPercentage"":63,""type"":""gym"",""isClosed"":false}",api_response
2026-08-05T13:13:25+00:00,2026-08-05T21:13:00+08:00,Clementi ActiveSG Gym,open,62,62% full,"{""id"":""EcBGtBDRSadwhso2WV0Tk"",""name"":""Clementi ActiveSG Gym"",""capacityPercentage"":62,""type"":""gym"",""isClosed"":false}",api_response
2026-08-05T14:39:45+00:00,2026-08-05T22:39:00+08:00,Clementi ActiveSG Gym,closed,,Closed,"{""id"":""EcBGtBDRSadwhso2WV0Tk"",""name"":""Clementi ActiveSG Gym"",""capacityPercentage"":0,""type"":""gym"",""isClosed"":true}",api_response
2026-08-05T15:05:31+00:00,2026-08-05T23:05:00+08:00,Clementi ActiveSG Gym,closed,,Closed,"{""id"":""EcBGtBDRSadwhso2WV0Tk"",""name"":""Clementi ActiveSG Gym"",""capacityPercentage"":0,""type"":""gym"",""isClosed"":true}",api_response
2026-08-05T15:42:42+00:00,2026-08-05T23:42:00+08:00,Clementi ActiveSG Gym,closed,,Closed,"{""id"":""EcBGtBDRSadwhso2WV0Tk"",""name"":""Clementi ActiveSG Gym"",""capacityPercentage"":0,""type"":""gym"",""isClosed"":true}",api_response
2026-08-06T00:12:14+00:00,2026-08-06T08:12:00+08:00,Clementi ActiveSG Gym,open,48,48% full,"{""id"":""EcBGtBDRSadwhso2WV0Tk"",""name"":""Clementi ActiveSG Gym"",""capacityPercentage"":48,""type"":""gym"",""isClosed"":false}",api_response
2026-08-06T00:53:05+00:00,2026-08-06T08:53:00+08:00,Clementi ActiveSG Gym,open,52,52% full,"{""id"":""EcBGtBDRSadwhso2WV0Tk"",""name"":""Clementi ActiveSG Gym"",""capacityPercentage"":52,""type"":""gym"",""isClosed"":false}",api_response
2026-08-06T01:09:06+00:00,2026-08-06T09:09:00+08:00,Clementi ActiveSG Gym,open,52,52% full,"{""id"":""EcBGtBDRSadwhso2WV0Tk"",""name"":""Clementi ActiveSG Gym"",""capacityPercentage"":52,""type"":""gym"",""isClosed"":false}",api_response
2026-08-06T03:39:55+00:00,2026-08-06T11:39:00+08:00,Clementi ActiveSG Gym,open,42,42% full,"{""id"":""EcBGtBDRSadwhso2WV0Tk"",""name"":""Clementi ActiveSG Gym"",""capacityPercentage"":42,""type"":""gym"",""isClosed"":false}",api_response
2026-08-06T04:45:58+00:00,2026-08-06T12:45:00+08:00,Clementi ActiveSG Gym,open,52,52% full,"{""id"":""EcBGtBDRSadwhso2WV0Tk"",""name"":""Clementi ActiveSG Gym"",""capacityPercentage"":52,""type"":""gym"",""isClosed"":false}",api_response
2026-08-06T04:50:05+00:00,2026-08-06T12:50:00+08:00,Clementi ActiveSG Gym,open,48,48% full,"{""id"":""EcBGtBDRSadwhso2WV0Tk"",""name"":""Clementi ActiveSG Gym"",""capacityPercentage"":48,""type"":""gym"",""isClosed"":false}",api_response
2026-08-06T06:47:20+00:00,2026-08-06T14:47:00+08:00,Clementi ActiveSG Gym,open,57,57% full,"{""id"":""EcBGtBDRSadwhso2WV0Tk"",""name"":""Clementi ActiveSG Gym"",""capacityPercentage"":57,""type"":""gym"",""isClosed"":false}",api_response
2026-08-06T07:29:04+00:00,2026-08-06T15:29:00+08:00,Clementi ActiveSG Gym,open,54,54% full,"{""id"":""EcBGtBDRSadwhso2WV0Tk"",""name"":""Clementi ActiveSG Gym"",""capacityPercentage"":54,""type"":""gym"",""isClosed"":false}",api_response
2026-08-06T08:02:22+00:00,2026-08-06T16:02:00+08:00,Clementi ActiveSG Gym,open,39,39% full,"{""id"":""EcBGtBDRSadwhso2WV0Tk"",""name"":""Clementi ActiveSG Gym"",""capacityPercentage"":39,""type"":""gym"",""isClosed"":false}",api_response
2026-08-06T09:59:29+00:00,2026-08-06T17:59:00+08:00,Clementi ActiveSG Gym,open,72,72% full,"{""id"":""EcBGtBDRSadwhso2WV0Tk"",""name"":""Clementi ActiveSG Gym"",""capacityPercentage"":72,""type"":""gym"",""isClosed"":false}",api_response
2026-08-06T10:20:12+00:00,2026-08-06T18:20:00+08:00,Clementi ActiveSG Gym,open,72,72% full,"{""id"":""EcBGtBDRSadwhso2WV0Tk"",""name"":""Clementi ActiveSG Gym"",""capacityPercentage"":72,""type"":""gym"",""isClosed"":false}",api_response
2026-08-06T11:02:52+00:00,2026-08-06T19:02:00+08:00,Clementi ActiveSG Gym,open,78,78% full,"{""id"":""EcBGtBDRSadwhso2WV0Tk"",""name"":""Clementi ActiveSG Gym"",""capacityPercentage"":78,""type"":""gym"",""isClosed"":false}",api_response
2026-08-06T12:20:12+00:00,2026-08-06T20:20:00+08:00,Clementi ActiveSG Gym,open,83,83% full,"{""id"":""EcBGtBDRSadwhso2WV0Tk"",""name"":""Clementi ActiveSG Gym"",""capacityPercentage"":83,""type"":""gym"",""isClosed"":false}",api_response
2026-08-06T12:31:43+00:00,2026-08-06T20:31:00+08:00,Clementi ActiveSG Gym,open,68,68% full,"{""id"":""EcBGtBDRSadwhso2WV0Tk"",""name"":""Clementi ActiveSG Gym"",""capacityPercentage"":68,""type"":""gym"",""isClosed"":false}",api_response
2026-08-06T13:11:14+00:00,2026-08-06T21:11:00+08:00,Clementi ActiveSG Gym,open,54,54% full,"{""id"":""EcBGtBDRSadwhso2WV0Tk"",""name"":""Clementi ActiveSG Gym"",""capacityPercentage"":54,""type"":""gym"",""isClosed"":false}",api_response
2026-08-06T15:02:17+00:00,2026-08-06T23:02:00+08:00,Clementi ActiveSG Gym,closed,,Closed,"{""id"":""EcBGtBDRSadwhso2WV0Tk"",""name"":""Clementi ActiveSG Gym"",""capacityPercentage"":0,""type"":""gym"",""isClosed"":true}",api_response
2026-08-06T15:30:41+00:00,2026-08-06T23:30:00+08:00,Clementi ActiveSG Gym,closed,,Closed,"{""id"":""EcBGtBDRSadwhso2WV0Tk"",""name"":""Clementi ActiveSG Gym"",""capacityPercentage"":0,""type"":""gym"",""isClosed"":true}",api_response
2026-08-07T01:44:28+00:00,2026-08-07T09:44:00+08:00,Clementi ActiveSG Gym,open,57,57% full,"{""id"":""EcBGtBDRSadwhso2WV0Tk"",""name"":""Clementi ActiveSG Gym"",""capacityPercentage"":57,""type"":""gym"",""isClosed"":false}",api_response
2026-08-07T01:52:34+00:00,2026-08-07T09:52:00+08:00,Clementi ActiveSG Gym,open,62,62% full,"{""id"":""EcBGtBDRSadwhso2WV0Tk"",""name"":""Clementi ActiveSG Gym"",""capacityPercentage"":62,""type"":""gym"",""isClosed"":false}",api_response
2026-08-07T01:53:42+00:00,2026-08-07T09:53:00+08:00,Clementi ActiveSG Gym,open,61,61% full,"{""id"":""EcBGtBDRSadwhso2WV0Tk"",""name"":""Clementi ActiveSG Gym"",""capacityPercentage"":61,""type"":""gym"",""isClosed"":false}",api_response
2026-08-07T04:15:33+00:00,2026-08-07T12:15:00+08:00,Clementi ActiveSG Gym,open,53,53% full,"{""id"":""EcBGtBDRSadwhso2WV0Tk"",""name"":""Clementi ActiveSG Gym"",""capacityPercentage"":53,""type"":""gym"",""isClosed"":false}",api_response
2026-08-07T04:33:29+00:00,2026-08-07T12:33:00+08:00,Clementi ActiveSG Gym,open,54,54% full,"{""id"":""EcBGtBDRSadwhso2WV0Tk"",""name"":""Clementi ActiveSG Gym"",""capacityPercentage"":54,""type"":""gym"",""isClosed"":false}",api_response
2026-08-07T04:36:54+00:00,2026-08-07T12:36:00+08:00,Clementi ActiveSG Gym,open,59,59% full,"{""id"":""EcBGtBDRSadwhso2WV0Tk"",""name"":""Clementi ActiveSG Gym"",""capacityPercentage"":59,""type"":""gym"",""isClosed"":false}",api_response
2026-08-07T05:58:03+00:00,2026-08-07T13:58:00+08:00,Clementi ActiveSG Gym,open,58,58% full,"{""id"":""EcBGtBDRSadwhso2WV0Tk"",""name"":""Clementi ActiveSG Gym"",""capacityPercentage"":58,""type"":""gym"",""isClosed"":false}",api_response
2026-08-07T06:01:23+00:00,2026-08-07T14:01:00+08:00,Clementi ActiveSG Gym,open,58,58% full,"{""id"":""EcBGtBDRSadwhso2WV0Tk"",""name"":""Clementi ActiveSG Gym"",""capacityPercentage"":58,""type"":""gym"",""isClosed"":false}",api_response
2026-08-07T06:20:34+00:00,2026-08-07T14:20:00+08:00,Clementi ActiveSG Gym,open,55,55% full,"{""id"":""EcBGtBDRSadwhso2WV0Tk"",""name"":""Clementi ActiveSG Gym"",""capacityPercentage"":55,""type"":""gym"",""isClosed"":false}",api_response
2026-08-07T07:53:00+00:00,2026-08-07T15:52:00+08:00,Clementi ActiveSG Gym,open,57,57% full,"{""id"":""EcBGtBDRSadwhso2WV0Tk"",""name"":""Clementi ActiveSG Gym"",""capacityPercentage"":57,""type"":""gym"",""isClosed"":false}",api_response
2026-08-07T08:02:31+00:00,2026-08-07T16:02:00+08:00,Clementi ActiveSG Gym,open,66,66% full,"{""id"":""EcBGtBDRSadwhso2WV0Tk"",""name"":""Clementi ActiveSG Gym"",""capacityPercentage"":66,""type"":""gym"",""isClosed"":false}",api_response
2026-08-07T08:32:04+00:00,2026-08-07T16:32:00+08:00,Clementi ActiveSG Gym,open,64,64% full,"{""id"":""EcBGtBDRSadwhso2WV0Tk"",""name"":""Clementi ActiveSG Gym"",""capacityPercentage"":64,""type"":""gym"",""isClosed"":false}",api_response
2026-08-07T09:45:40+00:00,2026-08-07T17:45:00+08:00,Clementi ActiveSG Gym,open,75,75% full,"{""id"":""EcBGtBDRSadwhso2WV0Tk"",""name"":""Clementi ActiveSG Gym"",""capacityPercentage"":75,""type"":""gym"",""isClosed"":false}",api_response
2026-08-07T11:08:02+00:00,2026-08-07T19:08:00+08:00,Clementi ActiveSG Gym,open,56,56% full,"{""id"":""EcBGtBDRSadwhso2WV0Tk"",""name"":""Clementi ActiveSG Gym"",""capacityPercentage"":56,""type"":""gym"",""isClosed"":false}",api_response
2026-08-07T11:24:01+00:00,2026-08-07T19:24:00+08:00,Clementi ActiveSG Gym,open,58,58% full,"{""id"":""EcBGtBDRSadwhso2WV0Tk"",""name"":""Clementi ActiveSG Gym"",""capacityPercentage"":58,""type"":""gym"",""isClosed"":false}",api_response
2026-08-07T11:35:02+00:00,2026-08-07T19:35:00+08:00,Clementi ActiveSG Gym,open,54,54% full,"{""id"":""EcBGtBDRSadwhso2WV0Tk"",""name"":""Clementi ActiveSG Gym"",""capacityPercentage"":54,""type"":""gym"",""isClosed"":false}",api_response
2026-08-07T12:11:01+00:00,2026-08-07T20:11:00+08:00,Clementi ActiveSG Gym,open,49,49% full,"{""id"":""EcBGtBDRSadwhso2WV0Tk"",""name"":""Clementi ActiveSG Gym"",""capacityPercentage"":49,""type"":""gym"",""isClosed"":false}",api_response
2026-08-07T12:32:10+00:00,2026-08-07T20:32:00+08:00,Clementi ActiveSG Gym,open,63,63% full,"{""id"":""EcBGtBDRSadwhso2WV0Tk"",""name"":""Clementi ActiveSG Gym"",""capacityPercentage"":63,""type"":""gym"",""isClosed"":false}",api_response
2026-08-07T13:40:34+00:00,2026-08-07T21:40:00+08:00,Clementi ActiveSG Gym,open,27,27% full,"{""id"":""EcBGtBDRSadwhso2WV0Tk"",""name"":""Clementi ActiveSG Gym"",""capacityPercentage"":27,""type"":""gym"",""isClosed"":false}",api_response
2026-08-07T13:51:24+00:00,2026-08-07T21:51:00+08:00,Clementi ActiveSG Gym,open,0,0% full,"{""id"":""EcBGtBDRSadwhso2WV0Tk"",""name"":""Clementi ActiveSG Gym"",""capacityPercentage"":0,""type"":""gym"",""isClosed"":false}",api_response
2026-08-07T14:02:22+00:00,2026-08-07T22:02:00+08:00,Clementi ActiveSG Gym,closed,,Closed,"{""id"":""EcBGtBDRSadwhso2WV0Tk"",""name"":""Clementi ActiveSG Gym"",""capacityPercentage"":0,""type"":""gym"",""isClosed"":true}",api_response
2026-08-07T15:09:41+00:00,2026-08-07T23:09:00+08:00,Clementi ActiveSG Gym,closed,,Closed,"{""id"":""EcBGtBDRSadwhso2WV0Tk"",""name"":""Clementi ActiveSG Gym"",""capacityPercentage"":0,""type"":""gym"",""isClosed"":true}",api_response
2026-08-07T15:27:31+00:00,2026-08-07T23:27:00+08:00,Clementi ActiveSG Gym,closed,,Closed,"{""id"":""EcBGtBDRSadwhso2WV0Tk"",""name"":""Clementi ActiveSG Gym"",""capacityPercentage"":0,""type"":""gym"",""isClosed"":true}",api_response
2026-08-07T15:40:22+00:00,2026-08-07T23:40:00+08:00,Clementi ActiveSG Gym,closed,,Closed,"{""id"":""EcBGtBDRSadwhso2WV0Tk"",""name"":""Clementi ActiveSG Gym"",""capacityPercentage"":0,""type"":""gym"",""isClosed"":true}",api_response
2026-08-07T23:49:16+00:00,2026-08-08T07:49:00+08:00,Clementi ActiveSG Gym,open,25,25% full,"{""id"":""EcBGtBDRSadwhso2WV0Tk"",""name"":""Clementi ActiveSG Gym"",""capacityPercentage"":25,""type"":""gym"",""isClosed"":false}",api_response
2026-08-08T00:00:57+00:00,2026-08-08T08:00:00+08:00,Clementi ActiveSG Gym,open,26,26% full,"{""id"":""EcBGtBDRSadwhso2WV0Tk"",""name"":""Clementi ActiveSG Gym"",""capacityPercentage"":26,""type"":""gym"",""isClosed"":false}",api_response
2026-08-08T00:35:42+00:00,2026-08-08T08:35:00+08:00,Clementi ActiveSG Gym,open,33,33% full,"{""id"":""EcBGtBDRSadwhso2WV0Tk"",""name"":""Clementi ActiveSG Gym"",""capacityPercentage"":33,""type"":""gym"",""isClosed"":false}",api_response
2026-08-08T02:22:31+00:00,2026-08-08T10:22:00+08:00,Clementi ActiveSG Gym,open,49,49% full,"{""id"":""EcBGtBDRSadwhso2WV0Tk"",""name"":""Clementi ActiveSG Gym"",""capacityPercentage"":49,""type"":""gym"",""isClosed"":false}",api_response
2026-08-08T02:29:41+00:00,2026-08-08T10:29:00+08:00,Clementi ActiveSG Gym,open,53,53% full,"{""id"":""EcBGtBDRSadwhso2WV0Tk"",""name"":""Clementi ActiveSG Gym"",""capacityPercentage"":53,""type"":""gym"",""isClosed"":false}",api_response
2026-08-08T02:46:15+00:00,2026-08-08T10:46:00+08:00,Clementi ActiveSG Gym,open,59,59% full,"{""id"":""EcBGtBDRSadwhso2WV0Tk"",""name"":""Clementi ActiveSG Gym"",""capacityPercentage"":59,""type"":""gym"",""isClosed"":false}",api_response
2026-08-08T03:59:58+00:00,2026-08-08T11:59:00+08:00,Clementi ActiveSG Gym,open,59,59% full,"{""id"":""EcBGtBDRSadwhso2WV0Tk"",""name"":""Clementi ActiveSG Gym"",""capacityPercentage"":59,""type"":""gym"",""isClosed"":false}",api_response
2026-08-08T04:29:31+00:00,2026-08-08T12:29:00+08:00,Clementi ActiveSG Gym,open,52,52% full,"{""id"":""EcBGtBDRSadwhso2WV0Tk"",""name"":""Clementi ActiveSG Gym"",""capacityPercentage"":52,""type"":""gym"",""isClosed"":false}",api_response
2026-08-08T05:21:48+00:00,2026-08-08T13:21:00+08:00,Clementi ActiveSG Gym,open,38,38% full,"{""id"":""EcBGtBDRSadwhso2WV0Tk"",""name"":""Clementi ActiveSG Gym"",""capacityPercentage"":38,""type"":""gym"",""isClosed"":false}",api_response
2026-08-08T05:32:33+00:00,2026-08-08T13:32:00+08:00,Clementi ActiveSG Gym,open,34,34% full,"{""id"":""EcBGtBDRSadwhso2WV0Tk"",""name"":""Clementi ActiveSG Gym"",""capacityPercentage"":34,""type"":""gym"",""isClosed"":false}",api_response
2026-08-08T05:57:27+00:00,2026-08-08T13:57:00+08:00,Clementi ActiveSG Gym,open,37,37% full,"{""id"":""EcBGtBDRSadwhso2WV0Tk"",""name"":""Clementi ActiveSG Gym"",""capacityPercentage"":37,""type"":""gym"",""isClosed"":false}",api_response
2026-08-08T06:08:37+00:00,2026-08-08T14:08:00+08:00,Clementi ActiveSG Gym,open,40,40% full,"{""id"":""EcBGtBDRSadwhso2WV0Tk"",""name"":""Clementi ActiveSG Gym"",""capacityPercentage"":40,""type"":""gym"",""isClosed"":false}",api_response
2026-08-08T06:27:06+00:00,2026-08-08T14:27:00+08:00,Clementi ActiveSG Gym,open,45,45% full,"{""id"":""EcBGtBDRSadwhso2WV0Tk"",""name"":""Clementi ActiveSG Gym"",""capacityPercentage"":45,""type"":""gym"",""isClosed"":false}",api_response
2026-08-08T07:16:51+00:00,2026-08-08T15:16:00+08:00,Clementi ActiveSG Gym,open,54,54% full,"{""id"":""EcBGtBDRSadwhso2WV0Tk"",""name"":""Clementi ActiveSG Gym"",""capacityPercentage"":54,""type"":""gym"",""isClosed"":false}",api_response
2026-08-08T07:31:04+00:00,2026-08-08T15:31:00+08:00,Clementi ActiveSG Gym,open,44,44% full,"{""id"":""EcBGtBDRSadwhso2WV0Tk"",""name"":""Clementi ActiveSG Gym"",""capacityPercentage"":44,""type"":""gym"",""isClosed"":false}",api_response
2026-08-08T07:37:32+00:00,2026-08-08T15:37:00+08:00,Clementi ActiveSG Gym,open,35,35% full,"{""id"":""EcBGtBDRSadwhso2WV0Tk"",""name"":""Clementi ActiveSG Gym"",""capacityPercentage"":35,""type"":""gym"",""isClosed"":false}",api_response
2026-08-08T08:03:49+00:00,2026-08-08T16:03:00+08:00,Clementi ActiveSG Gym,open,55,55% full,"{""id"":""EcBGtBDRSadwhso2WV0Tk"",""name"":""Clementi ActiveSG Gym"",""capacityPercentage"":55,""type"":""gym"",""isClosed"":false}",api_response
2026-08-08T08:07:49+00:00,2026-08-08T16:07:00+08:00,Clementi ActiveSG Gym,open,55,55% full,"{""id"":""EcBGtBDRSadwhso2WV0Tk"",""name"":""Clementi ActiveSG Gym"",""capacityPercentage"":55,""type"":""gym"",""isClosed"":false}",api_response
2026-08-08T08:23:39+00:00,2026-08-08T16:23:00+08:00,Clementi ActiveSG Gym,open,59,59% full,"{""id"":""EcBGtBDRSadwhso2WV0Tk"",""name"":""Clementi ActiveSG Gym"",""capacityPercentage"":59,""type"":""gym"",""isClosed"":false}",api_response
2026-08-08T09:01:58+00:00,2026-08-08T17:01:00+08:00,Clementi ActiveSG Gym,open,69,69% full,"{""id"":""EcBGtBDRSadwhso2WV0Tk"",""name"":""Clementi ActiveSG Gym"",""capacityPercentage"":69,""type"":""gym"",""isClosed"":false}",api_response
2026-08-08T09:12:00+00:00,2026-08-08T17:11:00+08:00,Clementi ActiveSG Gym,open,67,67% full,"{""id"":""EcBGtBDRSadwhso2WV0Tk"",""name"":""Clementi ActiveSG Gym"",""capacityPercentage"":67,""type"":""gym"",""isClosed"":false}",api_response
2026-08-08T09:23:24+00:00,2026-08-08T17:23:00+08:00,Clementi ActiveSG Gym,open,72,72% full,"{""id"":""EcBGtBDRSadwhso2WV0Tk"",""name"":""Clementi ActiveSG Gym"",""capacityPercentage"":72,""type"":""gym"",""isClosed"":false}",api_response
2026-08-08T09:55:24+00:00,2026-08-08T17:55:00+08:00,Clementi ActiveSG Gym,open,59,59% full,"{""id"":""EcBGtBDRSadwhso2WV0Tk"",""name"":""Clementi ActiveSG Gym"",""capacityPercentage"":59,""type"":""gym"",""isClosed"":false}",api_response
2026-08-08T10:16:46+00:00,2026-08-08T18:16:00+08:00,Clementi ActiveSG Gym,open,66,66% full,"{""id"":""EcBGtBDRSadwhso2WV0Tk"",""name"":""Clementi ActiveSG Gym"",""capacityPercentage"":66,""type"":""gym"",""isClosed"":false}",api_response
2026-08-08T10:52:27+00:00,2026-08-08T18:52:00+08:00,Clementi ActiveSG Gym,open,62,62% full,"{""id"":""EcBGtBDRSadwhso2WV0Tk"",""name"":""Clementi ActiveSG Gym"",""capacityPercentage"":62,""type"":""gym"",""isClosed"":false}",api_response
2026-08-08T11:16:18+00:00,2026-08-08T19:16:00+08:00,Clementi ActiveSG Gym,open,54,54% full,"{""id"":""EcBGtBDRSadwhso2WV0Tk"",""name"":""Clementi ActiveSG Gym"",""capacityPercentage"":54,""type"":""gym"",""isClosed"":false}",api_response
2026-08-08T11:44:51+00:00,2026-08-08T19:44:00+08:00,Clementi ActiveSG Gym,open,53,53% full,"{""id"":""EcBGtBDRSadwhso2WV0Tk"",""name"":""Clementi ActiveSG Gym"",""capacityPercentage"":53,""type"":""gym"",""isClosed"":false}",api_response
2026-08-08T11:56:06+00:00,2026-08-08T19:56:00+08:00,Clementi ActiveSG Gym,open,49,49% full,"{""id"":""EcBGtBDRSadwhso2WV0Tk"",""name"":""Clementi ActiveSG Gym"",""capacityPercentage"":49,""type"":""gym"",""isClosed"":false}",api_response
2026-08-08T12:17:55+00:00,2026-08-08T20:17:00+08:00,Clementi ActiveSG Gym,open,44,44% full,"{""id"":""EcBGtBDRSadwhso2WV0Tk"",""name"":""Clementi ActiveSG Gym"",""capacityPercentage"":44,""type"":""gym"",""isClosed"":false}",api_response
2026-08-08T13:12:59+00:00,2026-08-08T21:12:00+08:00,Clementi ActiveSG Gym,open,38,38% full,"{""id"":""EcBGtBDRSadwhso2WV0Tk"",""name"":""Clementi ActiveSG Gym"",""capacityPercentage"":38,""type"":""gym"",""isClosed"":false}",api_response
2026-08-08T13:28:10+00:00,2026-08-08T21:28:00+08:00,Clementi ActiveSG Gym,open,26,26% full,"{""id"":""EcBGtBDRSadwhso2WV0Tk"",""name"":""Clementi ActiveSG Gym"",""capacityPercentage"":26,""type"":""gym"",""isClosed"":false}",api_response
2026-08-08T13:35:24+00:00,2026-08-08T21:35:00+08:00,Clementi ActiveSG Gym,open,26,26% full,"{""id"":""EcBGtBDRSadwhso2WV0Tk"",""name"":""Clementi ActiveSG Gym"",""capacityPercentage"":26,""type"":""gym"",""isClosed"":false}",api_response
2026-08-08T13:58:24+00:00,2026-08-08T21:58:00+08:00,Clementi ActiveSG Gym,open,0,0% full,"{""id"":""EcBGtBDRSadwhso2WV0Tk"",""name"":""Clementi ActiveSG Gym"",""capacityPercentage"":0,""type"":""gym"",""isClosed"":false}",api_response
2026-08-08T14:07:25+00:00,2026-08-08T22:07:00+08:00,Clementi ActiveSG Gym,closed,,Closed,"{""id"":""EcBGtBDRSadwhso2WV0Tk"",""name"":""Clementi ActiveSG Gym"",""capacityPercentage"":0,""type"":""gym"",""isClosed"":true}",api_response
2026-08-08T14:19:41+00:00,2026-08-08T22:19:00+08:00,Clementi ActiveSG Gym,closed,,Closed,"{""id"":""EcBGtBDRSadwhso2WV0Tk"",""name"":""Clementi ActiveSG Gym"",""capacityPercentage"":0,""type"":""gym"",""isClosed"":true}",api_response
2026-08-08T14:50:26+00:00,2026-08-08T22:50:00+08:00,Clementi ActiveSG Gym,closed,,Closed,"{""id"":""EcBGtBDRSadwhso2WV0Tk"",""name"":""Clementi ActiveSG Gym"",""capacityPercentage"":0,""type"":""gym"",""isClosed"":true}",api_response
2026-08-08T15:00:09+00:00,2026-08-08T23:00:00+08:00,Clementi ActiveSG Gym,closed,,Closed,"{""id"":""EcBGtBDRSadwhso2WV0Tk"",""name"":""Clementi ActiveSG Gym"",""capacityPercentage"":0,""type"":""gym"",""isClosed"":true}",api_response
2026-08-08T15:14:54+00:00,2026-08-08T23:14:00+08:00,Clementi ActiveSG Gym,closed,,Closed,"{""id"":""EcBGtBDRSadwhso2WV0Tk"",""name"":""Clementi ActiveSG Gym"",""capacityPercentage"":0,""type"":""gym"",""isClosed"":true}",api_response
2026-08-08T23:46:07+00:00,2026-08-09T07:46:00+08:00,Clementi ActiveSG Gym,open,25,25% full,"{""id"":""EcBGtBDRSadwhso2WV0Tk"",""name"":""Clementi ActiveSG Gym"",""capacityPercentage"":25,""type"":""gym"",""isClosed"":false}",api_response
2026-08-08T23:56:50+00:00,2026-08-09T07:56:00+08:00,Clementi ActiveSG Gym,open,34,34% full,"{""id"":""EcBGtBDRSadwhso2WV0Tk"",""name"":""Clementi ActiveSG Gym"",""capacityPercentage"":34,""type"":""gym"",""isClosed"":false}",api_response
2026-08-09T00:37:21+00:00,2026-08-09T08:37:00+08:00,Clementi ActiveSG Gym,open,33,33% full,"{""id"":""EcBGtBDRSadwhso2WV0Tk"",""name"":""Clementi ActiveSG Gym"",""capacityPercentage"":33,""type"":""gym"",""isClosed"":false}",api_response
2026-08-09T02:30:11+00:00,2026-08-09T10:30:00+08:00,Clementi ActiveSG Gym,open,55,55% full,"{""id"":""EcBGtBDRSadwhso2WV0Tk"",""name"":""Clementi ActiveSG Gym"",""capacityPercentage"":55,""type"":""gym"",""isClosed"":false}",api_response
2026-08-09T02:36:20+00:00,2026-08-09T10:36:00+08:00,Clementi ActiveSG Gym,open,62,62% full,"{""id"":""EcBGtBDRSadwhso2WV0Tk"",""name"":""Clementi ActiveSG Gym"",""capacityPercentage"":62,""type"":""gym"",""isClosed"":false}",api_response
2026-08-09T02:53:43+00:00,2026-08-09T10:53:00+08:00,Clementi ActiveSG Gym,open,62,62% full,"{""id"":""EcBGtBDRSadwhso2WV0Tk"",""name"":""Clementi ActiveSG Gym"",""capacityPercentage"":62,""type"":""gym"",""isClosed"":false}",api_response
2026-08-09T04:02:28+00:00,2026-08-09T12:02:00+08:00,Clementi ActiveSG Gym,open,64,64% full,"{""id"":""EcBGtBDRSadwhso2WV0Tk"",""name"":""Clementi ActiveSG Gym"",""capacityPercentage"":64,""type"":""gym"",""isClosed"":false}",api_response
2026-08-09T04:37:45+00:00,2026-08-09T12:37:00+08:00,Clementi ActiveSG Gym,open,64,64% full,"{""id"":""EcBGtBDRSadwhso2WV0Tk"",""name"":""Clementi ActiveSG Gym"",""capacityPercentage"":64,""type"":""gym"",""isClosed"":false}",api_response
2026-08-09T05:30:09+00:00,2026-08-09T13:30:00+08:00,Clementi ActiveSG Gym,open,37,37% full,"{""id"":""EcBGtBDRSadwhso2WV0Tk"",""name"":""Clementi ActiveSG Gym"",""capacityPercentage"":37,""type"":""gym"",""isClosed"":false}",api_response
2026-08-09T05:37:41+00:00,2026-08-09T13:37:00+08:00,Clementi ActiveSG Gym,open,41,41% full,"{""id"":""EcBGtBDRSadwhso2WV0Tk"",""name"":""Clementi ActiveSG Gym"",""capacityPercentage"":41,""type"":""gym"",""isClosed"":false}",api_response
2026-08-09T05:58:56+00:00,2026-08-09T13:58:00+08:00,Clementi ActiveSG Gym,open,33,33% full,"{""id"":""EcBGtBDRSadwhso2WV0Tk"",""name"":""Clementi ActiveSG Gym"",""capacityPercentage"":33,""type"":""gym"",""isClosed"":false}",api_response
2026-08-09T06:10:08+00:00,2026-08-09T14:10:00+08:00,Clementi ActiveSG Gym,open,35,35% full,"{""id"":""EcBGtBDRSadwhso2WV0Tk"",""name"":""Clementi ActiveSG Gym"",""capacityPercentage"":35,""type"":""gym"",""isClosed"":false}",api_response
2026-08-09T06:32:21+00:00,2026-08-09T14:32:00+08:00,Clementi ActiveSG Gym,open,38,38% full,"{""id"":""EcBGtBDRSadwhso2WV0Tk"",""name"":""Clementi ActiveSG Gym"",""capacityPercentage"":38,""type"":""gym"",""isClosed"":false}",api_response
2026-08-09T07:17:39+00:00,2026-08-09T15:17:00+08:00,Clementi ActiveSG Gym,open,46,46% full,"{""id"":""EcBGtBDRSadwhso2WV0Tk"",""name"":""Clementi ActiveSG Gym"",""capacityPercentage"":46,""type"":""gym"",""isClosed"":false}",api_response
2026-08-09T07:35:26+00:00,2026-08-09T15:35:00+08:00,Clementi ActiveSG Gym,open,59,59% full,"{""id"":""EcBGtBDRSadwhso2WV0Tk"",""name"":""Clementi ActiveSG Gym"",""capacityPercentage"":59,""type"":""gym"",""isClosed"":false}",api_response
2026-08-09T08:05:14+00:00,2026-08-09T16:05:00+08:00,Clementi ActiveSG Gym,open,56,56% full,"{""id"":""EcBGtBDRSadwhso2WV0Tk"",""name"":""Clementi ActiveSG Gym"",""capacityPercentage"":56,""type"":""gym"",""isClosed"":false}",api_response
2026-08-09T09:13:22+00:00,2026-08-09T17:13:00+08:00,Clementi ActiveSG Gym,open,76,76% full,"{""id"":""EcBGtBDRSadwhso2WV0Tk"",""name"":""Clementi ActiveSG Gym"",""capacityPercentage"":76,""type"":""gym"",""isClosed"":false}",api_response
2026-08-09T09:57:34+00:00,2026-08-09T17:57:00+08:00,Clementi ActiveSG Gym,open,83,83% full,"{""id"":""EcBGtBDRSadwhso2WV0Tk"",""name"":""Clementi ActiveSG Gym"",""capacityPercentage"":83,""type"":""gym"",""isClosed"":false}",api_response
2026-08-09T10:06:28+00:00,2026-08-09T18:06:00+08:00,Clementi ActiveSG Gym,open,58,58% full,"{""id"":""EcBGtBDRSadwhso2WV0Tk"",""name"":""Clementi ActiveSG Gym"",""capacityPercentage"":58,""type"":""gym"",""isClosed"":false}",api_response
2026-08-09T10:18:35+00:00,2026-08-09T18:18:00+08:00,Clementi ActiveSG Gym,open,56,56% full,"{""id"":""EcBGtBDRSadwhso2WV0Tk"",""name"":""Clementi ActiveSG Gym"",""capacityPercentage"":56,""type"":""gym"",""isClosed"":false}",api_response
2026-08-09T10:53:30+00:00,2026-08-09T18:53:00+08:00,Clementi ActiveSG Gym,open,58,58% full,"{""id"":""EcBGtBDRSadwhso2WV0Tk"",""name"":""Clementi ActiveSG Gym"",""capacityPercentage"":58,""type"":""gym"",""isClosed"":false}",api_response
2026-08-09T11:03:35+00:00,2026-08-09T19:03:00+08:00,Clementi ActiveSG Gym,open,46,46% full,"{""id"":""EcBGtBDRSadwhso2WV0Tk"",""name"":""Clementi ActiveSG Gym"",""capacityPercentage"":46,""type"":""gym"",""isClosed"":false}",api_response
2026-08-09T11:16:36+00:00,2026-08-09T19:16:00+08:00,Clementi ActiveSG Gym,open,44,44% full,"{""id"":""EcBGtBDRSadwhso2WV0Tk"",""name"":""Clementi ActiveSG Gym"",""capacityPercentage"":44,""type"":""gym"",""isClosed"":false}",api_response
2026-08-09T11:46:14+00:00,2026-08-09T19:46:00+08:00,Clementi ActiveSG Gym,open,43,43% full,"{""id"":""EcBGtBDRSadwhso2WV0Tk"",""name"":""Clementi ActiveSG Gym"",""capacityPercentage"":43,""type"":""gym"",""isClosed"":false}",api_response
2026-08-09T11:57:36+00:00,2026-08-09T19:57:00+08:00,Clementi ActiveSG Gym,open,43,43% full,"{""id"":""EcBGtBDRSadwhso2WV0Tk"",""name"":""Clementi ActiveSG Gym"",""capacityPercentage"":43,""type"":""gym"",""isClosed"":false}",api_response
2026-08-09T12:19:27+00:00,2026-08-09T20:19:00+08:00,Clementi ActiveSG Gym,open,36,36% full,"{""id"":""EcBGtBDRSadwhso2WV0Tk"",""name"":""Clementi ActiveSG Gym"",""capacityPercentage"":36,""type"":""gym"",""isClosed"":false}",api_response
2026-08-09T13:32:23+00:00,2026-08-09T21:32:00+08:00,Clementi ActiveSG Gym,open,33,33% full,"{""id"":""EcBGtBDRSadwhso2WV0Tk"",""name"":""Clementi ActiveSG Gym"",""capacityPercentage"":33,""type"":""gym"",""isClosed"":false}",api_response
2026-08-09T13:38:56+00:00,2026-08-09T21:38:00+08:00,Clementi ActiveSG Gym,open,33,33% full,"{""id"":""EcBGtBDRSadwhso2WV0Tk"",""name"":""Clementi ActiveSG Gym"",""capacityPercentage"":33,""type"":""gym"",""isClosed"":false}",api_response
2026-08-09T14:02:37+00:00,2026-08-09T22:02:00+08:00,Clementi ActiveSG Gym,closed,,Closed,"{""id"":""EcBGtBDRSadwhso2WV0Tk"",""name"":""Clementi ActiveSG Gym"",""capacityPercentage"":0,""type"":""gym"",""isClosed"":true}",api_response
2026-08-09T14:08:05+00:00,2026-08-09T22:08:00+08:00,Clementi ActiveSG Gym,closed,,Closed,"{""id"":""EcBGtBDRSadwhso2WV0Tk"",""name"":""Clementi ActiveSG Gym"",""capacityPercentage"":0,""type"":""gym"",""isClosed"":true}",api_response
2026-08-09T14:21:23+00:00,2026-08-09T22:21:00+08:00,Clementi ActiveSG Gym,closed,,Closed,"{""id"":""EcBGtBDRSadwhso2WV0Tk"",""name"":""Clementi ActiveSG Gym"",""capacityPercentage"":0,""type"":""gym"",""isClosed"":true}",api_response
2026-08-09T14:53:36+00:00,2026-08-09T22:53:00+08:00,Clementi ActiveSG Gym,closed,,Closed,"{""id"":""EcBGtBDRSadwhso2WV0Tk"",""name"":""Clementi ActiveSG Gym"",""capacityPercentage"":0,""type"":""gym"",""isClosed"":true}",api_response
2026-08-09T15:02:27+00:00,2026-08-09T23:02:00+08:00,Clementi ActiveSG Gym,closed,,Closed,"{""id"":""EcBGtBDRSadwhso2WV0Tk"",""name"":""Clementi ActiveSG Gym"",""capacityPercentage"":0,""type"":""gym"",""isClosed"":true}",api_response
2026-08-09T15:17:28+00:00,2026-08-09T23:17:00+08:00,Clementi ActiveSG Gym,closed,,Closed,"{""id"":""EcBGtBDRSadwhso2WV0Tk"",""name"":""Clementi ActiveSG Gym"",""capacityPercentage"":0,""type"":""gym"",""isClosed"":true}",api_response
2026-08-09T23:48:12+00:00,2026-08-10T07:48:00+08:00,Clementi ActiveSG Gym,open,33,33% full,"{""id"":""EcBGtBDRSadwhso2WV0Tk"",""name"":""Clementi ActiveSG Gym"",""capacityPercentage"":33,""type"":""gym"",""isClosed"":false}",api_response
2026-08-10T00:00:17+00:00,2026-08-10T08:00:00+08:00,Clementi ActiveSG Gym,open,35,35% full,"{""id"":""EcBGtBDRSadwhso2WV0Tk"",""name"":""Clementi ActiveSG Gym"",""capacityPercentage"":35,""type"":""gym"",""isClosed"":false}",api_response
2026-08-10T00:39:34+00:00,2026-08-10T08:39:00+08:00,Clementi ActiveSG Gym,open,39,39% full,"{""id"":""EcBGtBDRSadwhso2WV0Tk"",""name"":""Clementi ActiveSG Gym"",""capacityPercentage"":39,""type"":""gym"",""isClosed"":false}",api_response
2026-08-10T02:35:46+00:00,2026-08-10T10:35:00+08:00,Clementi ActiveSG Gym,open,65,65% full,"{""id"":""EcBGtBDRSadwhso2WV0Tk"",""name"":""Clementi ActiveSG Gym"",""capacityPercentage"":65,""type"":""gym"",""isClosed"":false}",api_response
2026-08-10T02:42:07+00:00,2026-08-10T10:42:00+08:00,Clementi ActiveSG Gym,open,57,57% full,"{""id"":""EcBGtBDRSadwhso2WV0Tk"",""name"":""Clementi ActiveSG Gym"",""capacityPercentage"":57,""type"":""gym"",""isClosed"":false}",api_response
2026-08-10T03:02:29+00:00,2026-08-10T11:02:00+08:00,Clementi ActiveSG Gym,open,64,64% full,"{""id"":""EcBGtBDRSadwhso2WV0Tk"",""name"":""Clementi ActiveSG Gym"",""capacityPercentage"":64,""type"":""gym"",""isClosed"":false}",api_response
2026-08-10T04:55:28+00:00,2026-08-10T12:55:00+08:00,Clementi ActiveSG Gym,open,56,56% full,"{""id"":""EcBGtBDRSadwhso2WV0Tk"",""name"":""Clementi ActiveSG Gym"",""capacityPercentage"":56,""type"":""gym"",""isClosed"":false}",api_response
2026-08-10T05:07:23+00:00,2026-08-10T13:07:00+08:00,Clementi ActiveSG Gym,open,57,57% full,"{""id"":""EcBGtBDRSadwhso2WV0Tk"",""name"":""Clementi ActiveSG Gym"",""capacityPercentage"":57,""type"":""gym"",""isClosed"":false}",api_response
2026-08-10T05:11:55+00:00,2026-08-10T13:11:00+08:00,Clementi ActiveSG Gym,open,56,56% full,"{""id"":""EcBGtBDRSadwhso2WV0Tk"",""name"":""Clementi ActiveSG Gym"",""capacityPercentage"":56,""type"":""gym"",""isClosed"":false}",api_response
2026-08-10T06:43:02+00:00,2026-08-10T14:43:00+08:00,Clementi ActiveSG Gym,open,63,63% full,"{""id"":""EcBGtBDRSadwhso2WV0Tk"",""name"":""Clementi ActiveSG Gym"",""capacityPercentage"":63,""type"":""gym"",""isClosed"":false}",api_response
2026-08-10T06:52:32+00:00,2026-08-10T14:52:00+08:00,Clementi ActiveSG Gym,open,63,63% full,"{""id"":""EcBGtBDRSadwhso2WV0Tk"",""name"":""Clementi ActiveSG Gym"",""capacityPercentage"":63,""type"":""gym"",""isClosed"":false}",api_response
2026-08-10T07:00:41+00:00,2026-08-10T15:00:00+08:00,Clementi ActiveSG Gym,open,66,66% full,"{""id"":""EcBGtBDRSadwhso2WV0Tk"",""name"":""Clementi ActiveSG Gym"",""capacityPercentage"":66,""type"":""gym"",""isClosed"":false}",api_response
2026-08-10T08:52:04+00:00,2026-08-10T16:52:00+08:00,Clementi ActiveSG Gym,open,81,81% full,"{""id"":""EcBGtBDRSadwhso2WV0Tk"",""name"":""Clementi ActiveSG Gym"",""capacityPercentage"":81,""type"":""gym"",""isClosed"":false}",api_response
2026-08-10T08:58:49+00:00,2026-08-10T16:58:00+08:00,Clementi ActiveSG Gym,open,83,83% full,"{""id"":""EcBGtBDRSadwhso2WV0Tk"",""name"":""Clementi ActiveSG Gym"",""capacityPercentage"":83,""type"":""gym"",""isClosed"":false}",api_response
2026-08-10T09:02:51+00:00,2026-08-10T17:02:00+08:00,Clementi ActiveSG Gym,open,85,85% full,"{""id"":""EcBGtBDRSadwhso2WV0Tk"",""name"":""Clementi ActiveSG Gym"",""capacityPercentage"":85,""type"":""gym"",""isClosed"":false}",api_response
2026-08-10T10:37:01+00:00,2026-08-10T18:36:00+08:00,Clementi ActiveSG Gym,open,48,48% full,"{""id"":""EcBGtBDRSadwhso2WV0Tk"",""name"":""Clementi ActiveSG Gym"",""capacityPercentage"":48,""type"":""gym"",""isClosed"":false}",api_response
2026-08-10T10:44:58+00:00,2026-08-10T18:44:00+08:00,Clementi ActiveSG Gym,open,47,47% full,"{""id"":""EcBGtBDRSadwhso2WV0Tk"",""name"":""Clementi ActiveSG Gym"",""capacityPercentage"":47,""type"":""gym"",""isClosed"":false}",api_response
2026-08-10T10:52:50+00:00,2026-08-10T18:52:00+08:00,Clementi ActiveSG Gym,open,54,54% full,"{""id"":""EcBGtBDRSadwhso2WV0Tk"",""name"":""Clementi ActiveSG Gym"",""capacityPercentage"":54,""type"":""gym"",""isClosed"":false}",api_response
2026-08-10T11:37:54+00:00,2026-08-10T19:37:00+08:00,Clementi ActiveSG Gym,open,58,58% full,"{""id"":""EcBGtBDRSadwhso2WV0Tk"",""name"":""Clementi ActiveSG Gym"",""capacityPercentage"":58,""type"":""gym"",""isClosed"":false}",api_response
2026-08-10T11:59:58+00:00,2026-08-10T19:59:00+08:00,Clementi ActiveSG Gym,open,64,64% full,"{""id"":""EcBGtBDRSadwhso2WV0Tk"",""name"":""Clementi ActiveSG Gym"",""capacityPercentage"":64,""type"":""gym"",""isClosed"":false}",api_response
2026-08-10T12:10:07+00:00,2026-08-10T20:10:00+08:00,Clementi ActiveSG Gym,open,66,66% full,"{""id"":""EcBGtBDRSadwhso2WV0Tk"",""name"":""Clementi ActiveSG Gym"",""capacityPercentage"":66,""type"":""gym"",""isClosed"":false}",api_response
2026-08-10T12:35:40+00:00,2026-08-10T20:35:00+08:00,Clementi ActiveSG Gym,open,71,71% full,"{""id"":""EcBGtBDRSadwhso2WV0Tk"",""name"":""Clementi ActiveSG Gym"",""capacityPercentage"":71,""type"":""gym"",""isClosed"":false}",api_response
2026-08-10T13:45:21+00:00,2026-08-10T21:45:00+08:00,Clementi ActiveSG Gym,open,0,0% full,"{""id"":""EcBGtBDRSadwhso2WV0Tk"",""name"":""Clementi ActiveSG Gym"",""capacityPercentage"":0,""type"":""gym"",""isClosed"":false}",api_response
2026-08-10T13:57:21+00:00,2026-08-10T21:57:00+08:00,Clementi ActiveSG Gym,open,0,0% full,"{""id"":""EcBGtBDRSadwhso2WV0Tk"",""name"":""Clementi ActiveSG Gym"",""capacityPercentage"":0,""type"":""gym"",""isClosed"":false}",api_response
2026-08-10T14:08:43+00:00,2026-08-10T22:08:00+08:00,Clementi ActiveSG Gym,closed,,Closed,"{""id"":""EcBGtBDRSadwhso2WV0Tk"",""name"":""Clementi ActiveSG Gym"",""capacityPercentage"":0,""type"":""gym"",""isClosed"":true}",api_response
2026-08-10T15:17:33+00:00,2026-08-10T23:17:00+08:00,Clementi ActiveSG Gym,closed,,Closed,"{""id"":""EcBGtBDRSadwhso2WV0Tk"",""name"":""Clementi ActiveSG Gym"",""capacityPercentage"":0,""type"":""gym"",""isClosed"":true}",api_response
2026-08-10T15:32:13+00:00,2026-08-10T23:32:00+08:00,Clementi ActiveSG Gym,closed,,Closed,"{""id"":""EcBGtBDRSadwhso2WV0Tk"",""name"":""Clementi ActiveSG Gym"",""capacityPercentage"":0,""type"":""gym"",""isClosed"":true}",api_response
2026-08-10T15:44:33+00:00,2026-08-10T23:44:00+08:00,Clementi ActiveSG Gym,closed,,Closed,"{""id"":""EcBGtBDRSadwhso2WV0Tk"",""name"":""Clementi ActiveSG Gym"",""capacityPercentage"":0,""type"":""gym"",""isClosed"":true}",api_response
2026-08-10T23:52:19+00:00,2026-08-11T07:52:00+08:00,Clementi ActiveSG Gym,open,37,37% full,"{""id"":""EcBGtBDRSadwhso2WV0Tk"",""name"":""Clementi ActiveSG Gym"",""capacityPercentage"":37,""type"":""gym"",""isClosed"":false}",api_response
2026-08-11T00:02:16+00:00,2026-08-11T08:02:00+08:00,Clementi ActiveSG Gym,open,33,33% full,"{""id"":""EcBGtBDRSadwhso2WV0Tk"",""name"":""Clementi ActiveSG Gym"",""capacityPercentage"":33,""type"":""gym"",""isClosed"":false}",api_response
2026-08-11T02:28:31+00:00,2026-08-11T10:28:00+08:00,Clementi ActiveSG Gym,open,49,49% full,"{""id"":""EcBGtBDRSadwhso2WV0Tk"",""name"":""Clementi ActiveSG Gym"",""capacityPercentage"":49,""type"":""gym"",""isClosed"":false}",api_response
2026-08-11T02:36:07+00:00,2026-08-11T10:36:00+08:00,Clementi ActiveSG Gym,open,52,52% full,"{""id"":""EcBGtBDRSadwhso2WV0Tk"",""name"":""Clementi ActiveSG Gym"",""capacityPercentage"":52,""type"":""gym"",""isClosed"":false}",api_response
2026-08-11T02:56:01+00:00,2026-08-11T10:55:00+08:00,Clementi ActiveSG Gym,open,58,58% full,"{""id"":""EcBGtBDRSadwhso2WV0Tk"",""name"":""Clementi ActiveSG Gym"",""capacityPercentage"":58,""type"":""gym"",""isClosed"":false}",api_response
2026-08-11T04:03:46+00:00,2026-08-11T12:03:00+08:00,Clementi ActiveSG Gym,open,60,60% full,"{""id"":""EcBGtBDRSadwhso2WV0Tk"",""name"":""Clementi ActiveSG Gym"",""capacityPercentage"":60,""type"":""gym"",""isClosed"":false}",api_response
2026-08-11T04:12:58+00:00,2026-08-11T12:12:00+08:00,Clementi ActiveSG Gym,open,55,55% full,"{""id"":""EcBGtBDRSadwhso2WV0Tk"",""name"":""Clementi ActiveSG Gym"",""capacityPercentage"":55,""type"":""gym"",""isClosed"":false}",api_response
2026-08-11T04:41:36+00:00,2026-08-11T12:41:00+08:00,Clementi ActiveSG Gym,open,49,49% full,"{""id"":""EcBGtBDRSadwhso2WV0Tk"",""name"":""Clementi ActiveSG Gym"",""capacityPercentage"":49,""type"":""gym"",""isClosed"":false}",api_response
2026-08-11T05:37:10+00:00,2026-08-11T13:37:00+08:00,Clementi ActiveSG Gym,open,38,38% full,"{""id"":""EcBGtBDRSadwhso2WV0Tk"",""name"":""Clementi ActiveSG Gym"",""capacityPercentage"":38,""type"":""gym"",""isClosed"":false}",api_response
2026-08-11T05:43:54+00:00,2026-08-11T13:43:00+08:00,Clementi ActiveSG Gym,open,38,38% full,"{""id"":""EcBGtBDRSadwhso2WV0Tk"",""name"":""Clementi ActiveSG Gym"",""capacityPercentage"":38,""type"":""gym"",""isClosed"":false}",api_response
2026-08-11T06:05:00+00:00,2026-08-11T14:04:00+08:00,Clementi ActiveSG Gym,open,47,47% full,"{""id"":""EcBGtBDRSadwhso2WV0Tk"",""name"":""Clementi ActiveSG Gym"",""capacityPercentage"":47,""type"":""gym"",""isClosed"":false}",api_response
2026-08-11T06:40:41+00:00,2026-08-11T14:40:00+08:00,Clementi ActiveSG Gym,open,54,54% full,"{""id"":""EcBGtBDRSadwhso2WV0Tk"",""name"":""Clementi ActiveSG Gym"",""capacityPercentage"":54,""type"":""gym"",""isClosed"":false}",api_response
2026-08-11T07:38:27+00:00,2026-08-11T15:38:00+08:00,Clementi ActiveSG Gym,open,58,58% full,"{""id"":""EcBGtBDRSadwhso2WV0Tk"",""name"":""Clementi ActiveSG Gym"",""capacityPercentage"":58,""type"":""gym"",""isClosed"":false}",api_response
2026-08-11T07:46:57+00:00,2026-08-11T15:46:00+08:00,Clementi ActiveSG Gym,open,60,60% full,"{""id"":""EcBGtBDRSadwhso2WV0Tk"",""name"":""Clementi ActiveSG Gym"",""capacityPercentage"":60,""type"":""gym"",""isClosed"":false}",api_response
2026-08-11T07:59:14+00:00,2026-08-11T15:59:00+08:00,Clementi ActiveSG Gym,open,63,63% full,"{""id"":""EcBGtBDRSadwhso2WV0Tk"",""name"":""Clementi ActiveSG Gym"",""capacityPercentage"":63,""type"":""gym"",""isClosed"":false}",api_response
2026-08-11T09:14:23+00:00,2026-08-11T17:14:00+08:00,Clementi ActiveSG Gym,open,66,66% full,"{""id"":""EcBGtBDRSadwhso2WV0Tk"",""name"":""Clementi ActiveSG Gym"",""capacityPercentage"":66,""type"":""gym"",""isClosed"":false}",api_response
2026-08-11T09:32:36+00:00,2026-08-11T17:32:00+08:00,Clementi ActiveSG Gym,open,60,60% full,"{""id"":""EcBGtBDRSadwhso2WV0Tk"",""name"":""Clementi ActiveSG Gym"",""capacityPercentage"":60,""type"":""gym"",""isClosed"":false}",api_response
2026-08-11T09:45:31+00:00,2026-08-11T17:45:00+08:00,Clementi ActiveSG Gym,open,62,62% full,"{""id"":""EcBGtBDRSadwhso2WV0Tk"",""name"":""Clementi ActiveSG Gym"",""capacityPercentage"":62,""type"":""gym"",""isClosed"":false}",api_response
2026-08-11T10:13:25+00:00,2026-08-11T18:13:00+08:00,Clementi ActiveSG Gym,open,57,57% full,"{""id"":""EcBGtBDRSadwhso2WV0Tk"",""name"":""Clementi ActiveSG Gym"",""capacityPercentage"":57,""type"":""gym"",""isClosed"":false}",api_response
2026-08-11T10:26:29+00:00,2026-08-11T18:26:00+08:00,Clementi ActiveSG Gym,open,60,60% full,"{""id"":""EcBGtBDRSadwhso2WV0Tk"",""name"":""Clementi ActiveSG Gym"",""capacityPercentage"":60,""type"":""gym"",""isClosed"":false}",api_response
2026-08-11T10:38:13+00:00,2026-08-11T18:38:00+08:00,Clementi ActiveSG Gym,open,64,64% full,"{""id"":""EcBGtBDRSadwhso2WV0Tk"",""name"":""Clementi ActiveSG Gym"",""capacityPercentage"":64,""type"":""gym"",""isClosed"":false}",api_response
2026-08-11T11:06:34+00:00,2026-08-11T19:06:00+08:00,Clementi ActiveSG Gym,open,67,67% full,"{""id"":""EcBGtBDRSadwhso2WV0Tk"",""name"":""Clementi ActiveSG Gym"",""capacityPercentage"":67,""type"":""gym"",""isClosed"":false}",api_response
2026-08-11T11:22:27+00:00,2026-08-11T19:22:00+08:00,Clementi ActiveSG Gym,open,77,77% full,"{""id"":""EcBGtBDRSadwhso2WV0Tk"",""name"":""Clementi ActiveSG Gym"",""capacityPercentage"":77,""type"":""gym"",""isClosed"":false}",api_response
2026-08-11T11:58:52+00:00,2026-08-11T19:58:00+08:00,Clementi ActiveSG Gym,open,95,95% full,"{""id"":""EcBGtBDRSadwhso2WV0Tk"",""name"":""Clementi ActiveSG Gym"",""capacityPercentage"":95,""type"":""gym"",""isClosed"":false}",api_response
2026-08-11T12:32:17+00:00,2026-08-11T20:32:00+08:00,Clementi ActiveSG Gym,open,82,82% full,"{""id"":""EcBGtBDRSadwhso2WV0Tk"",""name"":""Clementi ActiveSG Gym"",""capacityPercentage"":82,""type"":""gym"",""isClosed"":false}",api_response
2026-08-11T13:43:44+00:00,2026-08-11T21:43:00+08:00,Clementi ActiveSG Gym,open,65,65% full,"{""id"":""EcBGtBDRSadwhso2WV0Tk"",""name"":""Clementi ActiveSG Gym"",""capacityPercentage"":65,""type"":""gym"",""isClosed"":false}",api_response
2026-08-11T13:56:35+00:00,2026-08-11T21:56:00+08:00,Clementi ActiveSG Gym,open,0,0% full,"{""id"":""EcBGtBDRSadwhso2WV0Tk"",""name"":""Clementi ActiveSG Gym"",""capacityPercentage"":0,""type"":""gym"",""isClosed"":false}",api_response
2026-08-11T14:08:42+00:00,2026-08-11T22:08:00+08:00,Clementi ActiveSG Gym,closed,,Closed,"{""id"":""EcBGtBDRSadwhso2WV0Tk"",""name"":""Clementi ActiveSG Gym"",""capacityPercentage"":0,""type"":""gym"",""isClosed"":true}",api_response
2026-08-11T15:17:04+00:00,2026-08-11T23:17:00+08:00,Clementi ActiveSG Gym,closed,,Closed,"{""id"":""EcBGtBDRSadwhso2WV0Tk"",""name"":""Clementi ActiveSG Gym"",""capacityPercentage"":0,""type"":""gym"",""isClosed"":true}",api_response
2026-08-11T15:30:30+00:00,2026-08-11T23:30:00+08:00,Clementi ActiveSG Gym,closed,,Closed,"{""id"":""EcBGtBDRSadwhso2WV0Tk"",""name"":""Clementi ActiveSG Gym"",""capacityPercentage"":0,""type"":""gym"",""isClosed"":true}",api_response
2026-08-11T15:44:47+00:00,2026-08-11T23:44:00+08:00,Clementi ActiveSG Gym,closed,,Closed,"{""id"":""EcBGtBDRSadwhso2WV0Tk"",""name"":""Clementi ActiveSG Gym"",""capacityPercentage"":0,""type"":""gym"",""isClosed"":true}",api_response
2026-08-12T00:00:48+00:00,2026-08-12T08:00:00+08:00,Clementi ActiveSG Gym,open,46,46% full,"{""id"":""EcBGtBDRSadwhso2WV0Tk"",""name"":""Clementi ActiveSG Gym"",""capacityPercentage"":46,""type"":""gym"",""isClosed"":false}",api_response
2026-08-12T00:08:27+00:00,2026-08-12T08:08:00+08:00,Clementi ActiveSG Gym,open,44,44% full,"{""id"":""EcBGtBDRSadwhso2WV0Tk"",""name"":""Clementi ActiveSG Gym"",""capacityPercentage"":44,""type"":""gym"",""isClosed"":false}",api_response
2026-08-12T00:45:14+00:00,2026-08-12T08:45:00+08:00,Clementi ActiveSG Gym,open,47,47% full,"{""id"":""EcBGtBDRSadwhso2WV0Tk"",""name"":""Clementi ActiveSG Gym"",""capacityPercentage"":47,""type"":""gym"",""isClosed"":false}",api_response
2026-08-12T02:46:10+00:00,2026-08-12T10:46:00+08:00,Clementi ActiveSG Gym,open,52,52% full,"{""id"":""EcBGtBDRSadwhso2WV0Tk"",""name"":""Clementi ActiveSG Gym"",""capacityPercentage"":52,""type"":""gym"",""isClosed"":false}",api_response
2026-08-12T03:05:18+00:00,2026-08-12T11:05:00+08:00,Clementi ActiveSG Gym,open,48,48% full,"{""id"":""EcBGtBDRSadwhso2WV0Tk"",""name"":""Clementi ActiveSG Gym"",""capacityPercentage"":48,""type"":""gym"",""isClosed"":false}",api_response
2026-08-12T03:14:52+00:00,2026-08-12T11:14:00+08:00,Clementi ActiveSG Gym,open,42,42% full,"{""id"":""EcBGtBDRSadwhso2WV0Tk"",""name"":""Clementi ActiveSG Gym"",""capacityPercentage"":42,""type"":""gym"",""isClosed"":false}",api_response
2026-08-12T05:15:26+00:00,2026-08-12T13:15:00+08:00,Clementi ActiveSG Gym,open,36,36% full,"{""id"":""EcBGtBDRSadwhso2WV0Tk"",""name"":""Clementi ActiveSG Gym"",""capacityPercentage"":36,""type"":""gym"",""isClosed"":false}",api_response
2026-08-12T05:20:23+00:00,2026-08-12T13:20:00+08:00,Clementi ActiveSG Gym,open,34,34% full,"{""id"":""EcBGtBDRSadwhso2WV0Tk"",""name"":""Clementi ActiveSG Gym"",""capacityPercentage"":34,""type"":""gym"",""isClosed"":false}",api_response
2026-08-12T06:43:41+00:00,2026-08-12T14:43:00+08:00,Clementi ActiveSG Gym,open,55,55% full,"{""id"":""EcBGtBDRSadwhso2WV0Tk"",""name"":""Clementi ActiveSG Gym"",""capacityPercentage"":55,""type"":""gym"",""isClosed"":false}",api_response
2026-08-12T06:54:36+00:00,2026-08-12T14:54:00+08:00,Clementi ActiveSG Gym,open,58,58% full,"{""id"":""EcBGtBDRSadwhso2WV0Tk"",""name"":""Clementi ActiveSG Gym"",""capacityPercentage"":58,""type"":""gym"",""isClosed"":false}",api_response
2026-08-12T07:00:41+00:00,2026-08-12T15:00:00+08:00,Clementi ActiveSG Gym,open,61,61% full,"{""id"":""EcBGtBDRSadwhso2WV0Tk"",""name"":""Clementi ActiveSG Gym"",""capacityPercentage"":61,""type"":""gym"",""isClosed"":false}",api_response
2026-08-12T08:40:10+00:00,2026-08-12T16:40:00+08:00,Clementi ActiveSG Gym,open,62,62% full,"{""id"":""EcBGtBDRSadwhso2WV0Tk"",""name"":""Clementi ActiveSG Gym"",""capacityPercentage"":62,""type"":""gym"",""isClosed"":false}",api_response
2026-08-12T08:48:58+00:00,2026-08-12T16:48:00+08:00,Clementi ActiveSG Gym,open,61,61% full,"{""id"":""EcBGtBDRSadwhso2WV0Tk"",""name"":""Clementi ActiveSG Gym"",""capacityPercentage"":61,""type"":""gym"",""isClosed"":false}",api_response
2026-08-12T08:55:48+00:00,2026-08-12T16:55:00+08:00,Clementi ActiveSG Gym,open,66,66% full,"{""id"":""EcBGtBDRSadwhso2WV0Tk"",""name"":""Clementi ActiveSG Gym"",""capacityPercentage"":66,""type"":""gym"",""isClosed"":false}",api_response
2026-08-12T09:54:18+00:00,2026-08-12T17:54:00+08:00,Clementi ActiveSG Gym,open,72,72% full,"{""id"":""EcBGtBDRSadwhso2WV0Tk"",""name"":""Clementi ActiveSG Gym"",""capacityPercentage"":72,""type"":""gym"",""isClosed"":false}",api_response
2026-08-12T10:27:06+00:00,2026-08-12T18:27:00+08:00,Clementi ActiveSG Gym,open,87,87% full,"{""id"":""EcBGtBDRSadwhso2WV0Tk"",""name"":""Clementi ActiveSG Gym"",""capacityPercentage"":87,""type"":""gym"",""isClosed"":false}",api_response
2026-08-12T10:36:32+00:00,2026-08-12T18:36:00+08:00,Clementi ActiveSG Gym,open,91,91% full,"{""id"":""EcBGtBDRSadwhso2WV0Tk"",""name"":""Clementi ActiveSG Gym"",""capacityPercentage"":91,""type"":""gym"",""isClosed"":false}",api_response
2026-08-12T10:47:20+00:00,2026-08-12T18:47:00+08:00,Clementi ActiveSG Gym,open,96,96% full,"{""id"":""EcBGtBDRSadwhso2WV0Tk"",""name"":""Clementi ActiveSG Gym"",""capacityPercentage"":96,""type"":""gym"",""isClosed"":false}",api_response
2026-08-12T11:24:43+00:00,2026-08-12T19:24:00+08:00,Clementi ActiveSG Gym,open,91,91% full,"{""id"":""EcBGtBDRSadwhso2WV0Tk"",""name"":""Clementi ActiveSG Gym"",""capacityPercentage"":91,""type"":""gym"",""isClosed"":false}",api_response
2026-08-12T11:35:56+00:00,2026-08-12T19:35:00+08:00,Clementi ActiveSG Gym,open,89,89% full,"{""id"":""EcBGtBDRSadwhso2WV0Tk"",""name"":""Clementi ActiveSG Gym"",""capacityPercentage"":89,""type"":""gym"",""isClosed"":false}",api_response
2026-08-12T11:59:29+00:00,2026-08-12T19:59:00+08:00,Clementi ActiveSG Gym,open,68,68% full,"{""id"":""EcBGtBDRSadwhso2WV0Tk"",""name"":""Clementi ActiveSG Gym"",""capacityPercentage"":68,""type"":""gym"",""isClosed"":false}",api_response
2026-08-12T12:12:33+00:00,2026-08-12T20:12:00+08:00,Clementi ActiveSG Gym,open,63,63% full,"{""id"":""EcBGtBDRSadwhso2WV0Tk"",""name"":""Clementi ActiveSG Gym"",""capacityPercentage"":63,""type"":""gym"",""isClosed"":false}",api_response
2026-08-12T12:36:22+00:00,2026-08-12T20:36:00+08:00,Clementi ActiveSG Gym,open,61,61% full,"{""id"":""EcBGtBDRSadwhso2WV0Tk"",""name"":""Clementi ActiveSG Gym"",""capacityPercentage"":61,""type"":""gym"",""isClosed"":false}",api_response
2026-08-12T13:48:51+00:00,2026-08-12T21:48:00+08:00,Clementi ActiveSG Gym,open,22,22% full,"{""id"":""EcBGtBDRSadwhso2WV0Tk"",""name"":""Clementi ActiveSG Gym"",""capacityPercentage"":22,""type"":""gym"",""isClosed"":false}",api_response
2026-08-12T13:58:46+00:00,2026-08-12T21:58:00+08:00,Clementi ActiveSG Gym,open,12,12% full,"{""id"":""EcBGtBDRSadwhso2WV0Tk"",""name"":""Clementi ActiveSG Gym"",""capacityPercentage"":12,""type"":""gym"",""isClosed"":false}",api_response
2026-08-12T14:09:42+00:00,2026-08-12T22:09:00+08:00,Clementi ActiveSG Gym,closed,,Closed,"{""id"":""EcBGtBDRSadwhso2WV0Tk"",""name"":""Clementi ActiveSG Gym"",""capacityPercentage"":12,""type"":""gym"",""isClosed"":true}",api_response
2026-08-12T15:15:26+00:00,2026-08-12T23:15:00+08:00,Clementi ActiveSG Gym,closed,,Closed,"{""id"":""EcBGtBDRSadwhso2WV0Tk"",""name"":""Clementi ActiveSG Gym"",""capacityPercentage"":12,""type"":""gym"",""isClosed"":true}",api_response
2026-08-12T15:30:25+00:00,2026-08-12T23:30:00+08:00,Clementi ActiveSG Gym,closed,,Closed,"{""id"":""EcBGtBDRSadwhso2WV0Tk"",""name"":""Clementi ActiveSG Gym"",""capacityPercentage"":12,""type"":""gym"",""isClosed"":true}",api_response
2026-08-12T15:45:04+00:00,2026-08-12T23:45:00+08:00,Clementi ActiveSG Gym,closed,,Closed,"{""id"":""EcBGtBDRSadwhso2WV0Tk"",""name"":""Clementi ActiveSG Gym"",""capacityPercentage"":12,""type"":""gym"",""isClosed"":true}",api_response
2026-08-12T23:59:29+00:00,2026-08-13T07:59:00+08:00,Clementi ActiveSG Gym,open,47,47% full,"{""id"":""EcBGtBDRSadwhso2WV0Tk"",""name"":""Clementi ActiveSG Gym"",""capacityPercentage"":47,""type"":""gym"",""isClosed"":false}",api_response
2026-08-13T00:09:08+00:00,2026-08-13T08:09:00+08:00,Clementi ActiveSG Gym,open,51,51% full,"{""id"":""EcBGtBDRSadwhso2WV0Tk"",""name"":""Clementi ActiveSG Gym"",""capacityPercentage"":51,""type"":""gym"",""isClosed"":false}",api_response
2026-08-13T00:47:03+00:00,2026-08-13T08:47:00+08:00,Clementi ActiveSG Gym,open,52,52% full,"{""id"":""EcBGtBDRSadwhso2WV0Tk"",""name"":""Clementi ActiveSG Gym"",""capacityPercentage"":52,""type"":""gym"",""isClosed"":false}",api_response
2026-08-13T02:48:25+00:00,2026-08-13T10:48:00+08:00,Clementi ActiveSG Gym,open,68,68% full,"{""id"":""EcBGtBDRSadwhso2WV0Tk"",""name"":""Clementi ActiveSG Gym"",""capacityPercentage"":68,""type"":""gym"",""isClosed"":false}",api_response
2026-08-13T03:09:17+00:00,2026-08-13T11:09:00+08:00,Clementi ActiveSG Gym,open,65,65% full,"{""id"":""EcBGtBDRSadwhso2WV0Tk"",""name"":""Clementi ActiveSG Gym"",""capacityPercentage"":65,""type"":""gym"",""isClosed"":false}",api_response
2026-08-13T03:19:08+00:00,2026-08-13T11:19:00+08:00,Clementi ActiveSG Gym,open,68,68% full,"{""id"":""EcBGtBDRSadwhso2WV0Tk"",""name"":""Clementi ActiveSG Gym"",""capacityPercentage"":68,""type"":""gym"",""isClosed"":false}",api_response
2026-08-13T05:06:58+00:00,2026-08-13T13:06:00+08:00,Clementi ActiveSG Gym,open,44,44% full,"{""id"":""EcBGtBDRSadwhso2WV0Tk"",""name"":""Clementi ActiveSG Gym"",""capacityPercentage"":44,""type"":""gym"",""isClosed"":false}",api_response
2026-08-13T05:19:02+00:00,2026-08-13T13:19:00+08:00,Clementi ActiveSG Gym,open,33,33% full,"{""id"":""EcBGtBDRSadwhso2WV0Tk"",""name"":""Clementi ActiveSG Gym"",""capacityPercentage"":33,""type"":""gym"",""isClosed"":false}",api_response
2026-08-13T05:24:31+00:00,2026-08-13T13:24:00+08:00,Clementi ActiveSG Gym,open,32,32% full,"{""id"":""EcBGtBDRSadwhso2WV0Tk"",""name"":""Clementi ActiveSG Gym"",""capacityPercentage"":32,""type"":""gym"",""isClosed"":false}",api_response
2026-08-13T06:46:31+00:00,2026-08-13T14:46:00+08:00,Clementi ActiveSG Gym,open,67,67% full,"{""id"":""EcBGtBDRSadwhso2WV0Tk"",""name"":""Clementi ActiveSG Gym"",""capacityPercentage"":67,""type"":""gym"",""isClosed"":false}",api_response
2026-08-13T06:58:29+00:00,2026-08-13T14:58:00+08:00,Clementi ActiveSG Gym,open,68,68% full,"{""id"":""EcBGtBDRSadwhso2WV0Tk"",""name"":""Clementi ActiveSG Gym"",""capacityPercentage"":68,""type"":""gym"",""isClosed"":false}",api_response
2026-08-13T07:04:24+00:00,2026-08-13T15:04:00+08:00,Clementi ActiveSG Gym,open,72,72% full,"{""id"":""EcBGtBDRSadwhso2WV0Tk"",""name"":""Clementi ActiveSG Gym"",""capacityPercentage"":72,""type"":""gym"",""isClosed"":false}",api_response
2026-08-13T08:44:27+00:00,2026-08-13T16:44:00+08:00,Clementi ActiveSG Gym,open,64,64% full,"{""id"":""EcBGtBDRSadwhso2WV0Tk"",""name"":""Clementi ActiveSG Gym"",""capacityPercentage"":64,""type"":""gym"",""isClosed"":false}",api_response
2026-08-13T08:51:52+00:00,2026-08-13T16:51:00+08:00,Clementi ActiveSG Gym,open,60,60% full,"{""id"":""EcBGtBDRSadwhso2WV0Tk"",""name"":""Clementi ActiveSG Gym"",""capacityPercentage"":60,""type"":""gym"",""isClosed"":false}",api_response
2026-08-13T08:58:10+00:00,2026-08-13T16:58:00+08:00,Clementi ActiveSG Gym,open,58,58% full,"{""id"":""EcBGtBDRSadwhso2WV0Tk"",""name"":""Clementi ActiveSG Gym"",""capacityPercentage"":58,""type"":""gym"",""isClosed"":false}",api_response
2026-08-13T10:28:45+00:00,2026-08-13T18:28:00+08:00,Clementi ActiveSG Gym,open,68,68% full,"{""id"":""EcBGtBDRSadwhso2WV0Tk"",""name"":""Clementi ActiveSG Gym"",""capacityPercentage"":68,""type"":""gym"",""isClosed"":false}",api_response
2026-08-13T10:37:54+00:00,2026-08-13T18:37:00+08:00,Clementi ActiveSG Gym,open,79,79% full,"{""id"":""EcBGtBDRSadwhso2WV0Tk"",""name"":""Clementi ActiveSG Gym"",""capacityPercentage"":79,""type"":""gym"",""isClosed"":false}",api_response
2026-08-13T10:52:26+00:00,2026-08-13T18:52:00+08:00,Clementi ActiveSG Gym,open,67,67% full,"{""id"":""EcBGtBDRSadwhso2WV0Tk"",""name"":""Clementi ActiveSG Gym"",""capacityPercentage"":67,""type"":""gym"",""isClosed"":false}",api_response
2026-08-13T11:35:45+00:00,2026-08-13T19:35:00+08:00,Clementi ActiveSG Gym,open,69,69% full,"{""id"":""EcBGtBDRSadwhso2WV0Tk"",""name"":""Clementi ActiveSG Gym"",""capacityPercentage"":69,""type"":""gym"",""isClosed"":false}",api_response
2026-08-13T12:00:14+00:00,2026-08-13T20:00:00+08:00,Clementi ActiveSG Gym,open,63,63% full,"{""id"":""EcBGtBDRSadwhso2WV0Tk"",""name"":""Clementi ActiveSG Gym"",""capacityPercentage"":63,""type"":""gym"",""isClosed"":false}",api_response
2026-08-13T12:11:36+00:00,2026-08-13T20:11:00+08:00,Clementi ActiveSG Gym,open,63,63% full,"{""id"":""EcBGtBDRSadwhso2WV0Tk"",""name"":""Clementi ActiveSG Gym"",""capacityPercentage"":63,""type"":""gym"",""isClosed"":false}",api_response
2026-08-13T12:36:39+00:00,2026-08-13T20:36:00+08:00,Clementi ActiveSG Gym,open,71,71% full,"{""id"":""EcBGtBDRSadwhso2WV0Tk"",""name"":""Clementi ActiveSG Gym"",""capacityPercentage"":71,""type"":""gym"",""isClosed"":false}",api_response
2026-08-13T13:49:11+00:00,2026-08-13T21:49:00+08:00,Clementi ActiveSG Gym,open,0,0% full,"{""id"":""EcBGtBDRSadwhso2WV0Tk"",""name"":""Clementi ActiveSG Gym"",""capacityPercentage"":0,""type"":""gym"",""isClosed"":false}",api_response
2026-08-13T13:59:33+00:00,2026-08-13T21:59:00+08:00,Clementi ActiveSG Gym,open,0,0% full,"{""id"":""EcBGtBDRSadwhso2WV0Tk"",""name"":""Clementi ActiveSG Gym"",""capacityPercentage"":0,""type"":""gym"",""isClosed"":false}",api_response
2026-08-13T14:11:17+00:00,2026-08-13T22:11:00+08:00,Clementi ActiveSG Gym,closed,,Closed,"{""id"":""EcBGtBDRSadwhso2WV0Tk"",""name"":""Clementi ActiveSG Gym"",""capacityPercentage"":0,""type"":""gym"",""isClosed"":true}",api_response
2026-08-13T15:16:17+00:00,2026-08-13T23:16:00+08:00,Clementi ActiveSG Gym,closed,,Closed,"{""id"":""EcBGtBDRSadwhso2WV0Tk"",""name"":""Clementi ActiveSG Gym"",""capacityPercentage"":0,""type"":""gym"",""isClosed"":true}",api_response
2026-08-13T15:31:20+00:00,2026-08-13T23:31:00+08:00,Clementi ActiveSG Gym,closed,,Closed,"{""id"":""EcBGtBDRSadwhso2WV0Tk"",""name"":""Clementi ActiveSG Gym"",""capacityPercentage"":0,""type"":""gym"",""isClosed"":true}",api_response
2026-08-13T15:44:34+00:00,2026-08-13T23:44:00+08:00,Clementi ActiveSG Gym,closed,,Closed,"{""id"":""EcBGtBDRSadwhso2WV0Tk"",""name"":""Clementi ActiveSG Gym"",""capacityPercentage"":0,""type"":""gym"",""isClosed"":true}",api_response
2026-08-14T00:00:35+00:00,2026-08-14T08:00:00+08:00,Clementi ActiveSG Gym,open,51,51% full,"{""id"":""EcBGtBDRSadwhso2WV0Tk"",""name"":""Clementi ActiveSG Gym"",""capacityPercentage"":51,""type"":""gym"",""isClosed"":false}",api_response
2026-08-14T00:09:23+00:00,2026-08-14T08:09:00+08:00,Clementi ActiveSG Gym,open,57,57% full,"{""id"":""EcBGtBDRSadwhso2WV0Tk"",""name"":""Clementi ActiveSG Gym"",""capacityPercentage"":57,""type"":""gym"",""isClosed"":false}",api_response
2026-08-14T00:45:54+00:00,2026-08-14T08:45:00+08:00,Clementi ActiveSG Gym,open,52,52% full,"{""id"":""EcBGtBDRSadwhso2WV0Tk"",""name"":""Clementi ActiveSG Gym"",""capacityPercentage"":52,""type"":""gym"",""isClosed"":false}",api_response
2026-08-14T02:47:07+00:00,2026-08-14T10:47:00+08:00,Clementi ActiveSG Gym,open,52,52% full,"{""id"":""EcBGtBDRSadwhso2WV0Tk"",""name"":""Clementi ActiveSG Gym"",""capacityPercentage"":52,""type"":""gym"",""isClosed"":false}",api_response
2026-08-14T03:07:48+00:00,2026-08-14T11:07:00+08:00,Clementi ActiveSG Gym,open,49,49% full,"{""id"":""EcBGtBDRSadwhso2WV0Tk"",""name"":""Clementi ActiveSG Gym"",""capacityPercentage"":49,""type"":""gym"",""isClosed"":false}",api_response
2026-08-14T03:16:27+00:00,2026-08-14T11:16:00+08:00,Clementi ActiveSG Gym,open,44,44% full,"{""id"":""EcBGtBDRSadwhso2WV0Tk"",""name"":""Clementi ActiveSG Gym"",""capacityPercentage"":44,""type"":""gym"",""isClosed"":false}",api_response
2026-08-14T05:04:01+00:00,2026-08-14T13:04:00+08:00,Clementi ActiveSG Gym,open,55,55% full,"{""id"":""EcBGtBDRSadwhso2WV0Tk"",""name"":""Clementi ActiveSG Gym"",""capacityPercentage"":55,""type"":""gym"",""isClosed"":false}",api_response
2026-08-14T05:16:12+00:00,2026-08-14T13:16:00+08:00,Clementi ActiveSG Gym,open,52,52% full,"{""id"":""EcBGtBDRSadwhso2WV0Tk"",""name"":""Clementi ActiveSG Gym"",""capacityPercentage"":52,""type"":""gym"",""isClosed"":false}",api_response
2026-08-14T05:21:06+00:00,2026-08-14T13:21:00+08:00,Clementi ActiveSG Gym,open,38,38% full,"{""id"":""EcBGtBDRSadwhso2WV0Tk"",""name"":""Clementi ActiveSG Gym"",""capacityPercentage"":38,""type"":""gym"",""isClosed"":false}",api_response
2026-08-14T06:55:12+00:00,2026-08-14T14:55:00+08:00,Clementi ActiveSG Gym,open,60,60% full,"{""id"":""EcBGtBDRSadwhso2WV0Tk"",""name"":""Clementi ActiveSG Gym"",""capacityPercentage"":60,""type"":""gym"",""isClosed"":false}",api_response
2026-08-14T07:01:00+00:00,2026-08-14T15:00:00+08:00,Clementi ActiveSG Gym,open,62,62% full,"{""id"":""EcBGtBDRSadwhso2WV0Tk"",""name"":""Clementi ActiveSG Gym"",""capacityPercentage"":62,""type"":""gym"",""isClosed"":false}",api_response
2026-08-14T08:38:31+00:00,2026-08-14T16:38:00+08:00,Clementi ActiveSG Gym,open,61,61% full,"{""id"":""EcBGtBDRSadwhso2WV0Tk"",""name"":""Clementi ActiveSG Gym"",""capacityPercentage"":61,""type"":""gym"",""isClosed"":false}",api_response
2026-08-14T08:46:17+00:00,2026-08-14T16:46:00+08:00,Clementi ActiveSG Gym,open,67,67% full,"{""id"":""EcBGtBDRSadwhso2WV0Tk"",""name"":""Clementi ActiveSG Gym"",""capacityPercentage"":67,""type"":""gym"",""isClosed"":false}",api_response
2026-08-14T08:52:48+00:00,2026-08-14T16:52:00+08:00,Clementi ActiveSG Gym,open,61,61% full,"{""id"":""EcBGtBDRSadwhso2WV0Tk"",""name"":""Clementi ActiveSG Gym"",""capacityPercentage"":61,""type"":""gym"",""isClosed"":false}",api_response
2026-08-14T09:46:57+00:00,2026-08-14T17:46:00+08:00,Clementi ActiveSG Gym,open,72,72% full,"{""id"":""EcBGtBDRSadwhso2WV0Tk"",""name"":""Clementi ActiveSG Gym"",""capacityPercentage"":72,""type"":""gym"",""isClosed"":false}",api_response
2026-08-14T10:17:52+00:00,2026-08-14T18:17:00+08:00,Clementi ActiveSG Gym,open,73,73% full,"{""id"":""EcBGtBDRSadwhso2WV0Tk"",""name"":""Clementi ActiveSG Gym"",""capacityPercentage"":73,""type"":""gym"",""isClosed"":false}",api_response
2026-08-14T10:34:45+00:00,2026-08-14T18:34:00+08:00,Clementi ActiveSG Gym,open,69,69% full,"{""id"":""EcBGtBDRSadwhso2WV0Tk"",""name"":""Clementi ActiveSG Gym"",""capacityPercentage"":69,""type"":""gym"",""isClosed"":false}",api_response
2026-08-14T10:44:11+00:00,2026-08-14T18:44:00+08:00,Clementi ActiveSG Gym,open,72,72% full,"{""id"":""EcBGtBDRSadwhso2WV0Tk"",""name"":""Clementi ActiveSG Gym"",""capacityPercentage"":72,""type"":""gym"",""isClosed"":false}",api_response
2026-08-14T11:21:55+00:00,2026-08-14T19:21:00+08:00,Clementi ActiveSG Gym,open,60,60% full,"{""id"":""EcBGtBDRSadwhso2WV0Tk"",""name"":""Clementi ActiveSG Gym"",""capacityPercentage"":60,""type"":""gym"",""isClosed"":false}",api_response
2026-08-14T11:33:48+00:00,2026-08-14T19:33:00+08:00,Clementi ActiveSG Gym,open,73,73% full,"{""id"":""EcBGtBDRSadwhso2WV0Tk"",""name"":""Clementi ActiveSG Gym"",""capacityPercentage"":73,""type"":""gym"",""isClosed"":false}",api_response
2026-08-14T11:58:19+00:00,2026-08-14T19:58:00+08:00,Clementi ActiveSG Gym,open,67,67% full,"{""id"":""EcBGtBDRSadwhso2WV0Tk"",""name"":""Clementi ActiveSG Gym"",""capacityPercentage"":67,""type"":""gym"",""isClosed"":false}",api_response
2026-08-14T12:11:04+00:00,2026-08-14T20:11:00+08:00,Clementi ActiveSG Gym,open,69,69% full,"{""id"":""EcBGtBDRSadwhso2WV0Tk"",""name"":""Clementi ActiveSG Gym"",""capacityPercentage"":69,""type"":""gym"",""isClosed"":false}",api_response
2026-08-14T12:31:37+00:00,2026-08-14T20:31:00+08:00,Clementi ActiveSG Gym,open,60,60% full,"{""id"":""EcBGtBDRSadwhso2WV0Tk"",""name"":""Clementi ActiveSG Gym"",""capacityPercentage"":60,""type"":""gym"",""isClosed"":false}",api_response
2026-08-14T13:44:51+00:00,2026-08-14T21:44:00+08:00,Clementi ActiveSG Gym,open,0,0% full,"{""id"":""EcBGtBDRSadwhso2WV0Tk"",""name"":""Clementi ActiveSG Gym"",""capacityPercentage"":0,""type"":""gym"",""isClosed"":false}",api_response
2026-08-14T13:55:09+00:00,2026-08-14T21:55:00+08:00,Clementi ActiveSG Gym,open,0,0% full,"{""id"":""EcBGtBDRSadwhso2WV0Tk"",""name"":""Clementi ActiveSG Gym"",""capacityPercentage"":0,""type"":""gym"",""isClosed"":false}",api_response
2026-08-14T14:05:10+00:00,2026-08-14T22:05:00+08:00,Clementi ActiveSG Gym,closed,,Closed,"{""id"":""EcBGtBDRSadwhso2WV0Tk"",""name"":""Clementi ActiveSG Gym"",""capacityPercentage"":0,""type"":""gym"",""isClosed"":true}",api_response
2026-08-14T15:08:16+00:00,2026-08-14T23:08:00+08:00,Clementi ActiveSG Gym,closed,,Closed,"{""id"":""EcBGtBDRSadwhso2WV0Tk"",""name"":""Clementi ActiveSG Gym"",""capacityPercentage"":0,""type"":""gym"",""isClosed"":true}",api_response
2026-08-14T15:23:07+00:00,2026-08-14T23:23:00+08:00,Clementi ActiveSG Gym,closed,,Closed,"{""id"":""EcBGtBDRSadwhso2WV0Tk"",""name"":""Clementi ActiveSG Gym"",""capacityPercentage"":0,""type"":""gym"",""isClosed"":true}",api_response
2026-08-14T15:37:44+00:00,2026-08-14T23:37:00+08:00,Clementi ActiveSG Gym,closed,,Closed,"{""id"":""EcBGtBDRSadwhso2WV0Tk"",""name"":""Clementi ActiveSG Gym"",""capacityPercentage"":0,""type"":""gym"",""isClosed"":true}",api_response
2026-08-14T23:37:42+00:00,2026-08-15T07:37:00+08:00,Clementi ActiveSG Gym,open,26,26% full,"{""id"":""EcBGtBDRSadwhso2WV0Tk"",""name"":""Clementi ActiveSG Gym"",""capacityPercentage"":26,""type"":""gym"",""isClosed"":false}",api_response
2026-08-14T23:50:37+00:00,2026-08-15T07:50:00+08:00,Clementi ActiveSG Gym,open,37,37% full,"{""id"":""EcBGtBDRSadwhso2WV0Tk"",""name"":""Clementi ActiveSG Gym"",""capacityPercentage"":37,""type"":""gym"",""isClosed"":false}",api_response
2026-08-15T00:25:16+00:00,2026-08-15T08:25:00+08:00,Clementi ActiveSG Gym,open,42,42% full,"{""id"":""EcBGtBDRSadwhso2WV0Tk"",""name"":""Clementi ActiveSG Gym"",""capacityPercentage"":42,""type"":""gym"",""isClosed"":false}",api_response
2026-08-15T01:50:37+00:00,2026-08-15T09:50:00+08:00,Clementi ActiveSG Gym,open,45,45% full,"{""id"":""EcBGtBDRSadwhso2WV0Tk"",""name"":""Clementi ActiveSG Gym"",""capacityPercentage"":45,""type"":""gym"",""isClosed"":false}",api_response
2026-08-15T01:58:30+00:00,2026-08-15T09:58:00+08:00,Clementi ActiveSG Gym,open,41,41% full,"{""id"":""EcBGtBDRSadwhso2WV0Tk"",""name"":""Clementi ActiveSG Gym"",""capacityPercentage"":41,""type"":""gym"",""isClosed"":false}",api_response
2026-08-15T02:05:21+00:00,2026-08-15T10:05:00+08:00,Clementi ActiveSG Gym,open,44,44% full,"{""id"":""EcBGtBDRSadwhso2WV0Tk"",""name"":""Clementi ActiveSG Gym"",""capacityPercentage"":44,""type"":""gym"",""isClosed"":false}",api_response
2026-08-15T03:06:25+00:00,2026-08-15T11:06:00+08:00,Clementi ActiveSG Gym,open,66,66% full,"{""id"":""EcBGtBDRSadwhso2WV0Tk"",""name"":""Clementi ActiveSG Gym"",""capacityPercentage"":66,""type"":""gym"",""isClosed"":false}",api_response
2026-08-15T03:19:09+00:00,2026-08-15T11:19:00+08:00,Clementi ActiveSG Gym,open,66,66% full,"{""id"":""EcBGtBDRSadwhso2WV0Tk"",""name"":""Clementi ActiveSG Gym"",""capacityPercentage"":66,""type"":""gym"",""isClosed"":false}",api_response
2026-08-15T03:26:37+00:00,2026-08-15T11:26:00+08:00,Clementi ActiveSG Gym,open,71,71% full,"{""id"":""EcBGtBDRSadwhso2WV0Tk"",""name"":""Clementi ActiveSG Gym"",""capacityPercentage"":71,""type"":""gym"",""isClosed"":false}",api_response
2026-08-15T03:55:43+00:00,2026-08-15T11:55:00+08:00,Clementi ActiveSG Gym,open,75,75% full,"{""id"":""EcBGtBDRSadwhso2WV0Tk"",""name"":""Clementi ActiveSG Gym"",""capacityPercentage"":75,""type"":""gym"",""isClosed"":false}",api_response
2026-08-15T04:05:49+00:00,2026-08-15T12:05:00+08:00,Clementi ActiveSG Gym,open,71,71% full,"{""id"":""EcBGtBDRSadwhso2WV0Tk"",""name"":""Clementi ActiveSG Gym"",""capacityPercentage"":71,""type"":""gym"",""isClosed"":false}",api_response
2026-08-15T04:48:10+00:00,2026-08-15T12:48:00+08:00,Clementi ActiveSG Gym,open,49,49% full,"{""id"":""EcBGtBDRSadwhso2WV0Tk"",""name"":""Clementi ActiveSG Gym"",""capacityPercentage"":49,""type"":""gym"",""isClosed"":false}",api_response
2026-08-15T04:58:34+00:00,2026-08-15T12:58:00+08:00,Clementi ActiveSG Gym,open,36,36% full,"{""id"":""EcBGtBDRSadwhso2WV0Tk"",""name"":""Clementi ActiveSG Gym"",""capacityPercentage"":36,""type"":""gym"",""isClosed"":false}",api_response
2026-08-15T05:13:00+00:00,2026-08-15T13:12:00+08:00,Clementi ActiveSG Gym,open,38,38% full,"{""id"":""EcBGtBDRSadwhso2WV0Tk"",""name"":""Clementi ActiveSG Gym"",""capacityPercentage"":38,""type"":""gym"",""isClosed"":false}",api_response
2026-08-15T05:42:41+00:00,2026-08-15T13:42:00+08:00,Clementi ActiveSG Gym,open,39,39% full,"{""id"":""EcBGtBDRSadwhso2WV0Tk"",""name"":""Clementi ActiveSG Gym"",""capacityPercentage"":39,""type"":""gym"",""isClosed"":false}",api_response
2026-08-15T05:52:46+00:00,2026-08-15T13:52:00+08:00,Clementi ActiveSG Gym,open,44,44% full,"{""id"":""EcBGtBDRSadwhso2WV0Tk"",""name"":""Clementi ActiveSG Gym"",""capacityPercentage"":44,""type"":""gym"",""isClosed"":false}",api_response
2026-08-15T06:14:47+00:00,2026-08-15T14:14:00+08:00,Clementi ActiveSG Gym,open,47,47% full,"{""id"":""EcBGtBDRSadwhso2WV0Tk"",""name"":""Clementi ActiveSG Gym"",""capacityPercentage"":47,""type"":""gym"",""isClosed"":false}",api_response
2026-08-15T06:58:33+00:00,2026-08-15T14:58:00+08:00,Clementi ActiveSG Gym,open,54,54% full,"{""id"":""EcBGtBDRSadwhso2WV0Tk"",""name"":""Clementi ActiveSG Gym"",""capacityPercentage"":54,""type"":""gym"",""isClosed"":false}",api_response
2026-08-15T07:08:22+00:00,2026-08-15T15:08:00+08:00,Clementi ActiveSG Gym,open,58,58% full,"{""id"":""EcBGtBDRSadwhso2WV0Tk"",""name"":""Clementi ActiveSG Gym"",""capacityPercentage"":58,""type"":""gym"",""isClosed"":false}",api_response
2026-08-15T07:18:48+00:00,2026-08-15T15:18:00+08:00,Clementi ActiveSG Gym,open,55,55% full,"{""id"":""EcBGtBDRSadwhso2WV0Tk"",""name"":""Clementi ActiveSG Gym"",""capacityPercentage"":55,""type"":""gym"",""isClosed"":false}",api_response
2026-08-15T07:44:53+00:00,2026-08-15T15:44:00+08:00,Clementi ActiveSG Gym,open,48,48% full,"{""id"":""EcBGtBDRSadwhso2WV0Tk"",""name"":""Clementi ActiveSG Gym"",""capacityPercentage"":48,""type"":""gym"",""isClosed"":false}",api_response
2026-08-15T07:54:17+00:00,2026-08-15T15:54:00+08:00,Clementi ActiveSG Gym,open,62,62% full,"{""id"":""EcBGtBDRSadwhso2WV0Tk"",""name"":""Clementi ActiveSG Gym"",""capacityPercentage"":62,""type"":""gym"",""isClosed"":false}",api_response
2026-08-15T08:11:05+00:00,2026-08-15T16:11:00+08:00,Clementi ActiveSG Gym,open,60,60% full,"{""id"":""EcBGtBDRSadwhso2WV0Tk"",""name"":""Clementi ActiveSG Gym"",""capacityPercentage"":60,""type"":""gym"",""isClosed"":false}",api_response
2026-08-15T08:46:13+00:00,2026-08-15T16:46:00+08:00,Clementi ActiveSG Gym,open,67,67% full,"{""id"":""EcBGtBDRSadwhso2WV0Tk"",""name"":""Clementi ActiveSG Gym"",""capacityPercentage"":67,""type"":""gym"",""isClosed"":false}",api_response
2026-08-15T08:56:51+00:00,2026-08-15T16:56:00+08:00,Clementi ActiveSG Gym,open,71,71% full,"{""id"":""EcBGtBDRSadwhso2WV0Tk"",""name"":""Clementi ActiveSG Gym"",""capacityPercentage"":71,""type"":""gym"",""isClosed"":false}",api_response
2026-08-15T09:12:44+00:00,2026-08-15T17:12:00+08:00,Clementi ActiveSG Gym,open,63,63% full,"{""id"":""EcBGtBDRSadwhso2WV0Tk"",""name"":""Clementi ActiveSG Gym"",""capacityPercentage"":63,""type"":""gym"",""isClosed"":false}",api_response
2026-08-15T09:42:18+00:00,2026-08-15T17:42:00+08:00,Clementi ActiveSG Gym,open,64,64% full,"{""id"":""EcBGtBDRSadwhso2WV0Tk"",""name"":""Clementi ActiveSG Gym"",""capacityPercentage"":64,""type"":""gym"",""isClosed"":false}",api_response
2026-08-15T09:51:26+00:00,2026-08-15T17:51:00+08:00,Clementi ActiveSG Gym,open,63,63% full,"{""id"":""EcBGtBDRSadwhso2WV0Tk"",""name"":""Clementi ActiveSG Gym"",""capacityPercentage"":63,""type"":""gym"",""isClosed"":false}",api_response
2026-08-15T10:08:27+00:00,2026-08-15T18:08:00+08:00,Clementi ActiveSG Gym,open,66,66% full,"{""id"":""EcBGtBDRSadwhso2WV0Tk"",""name"":""Clementi ActiveSG Gym"",""capacityPercentage"":66,""type"":""gym"",""isClosed"":false}",api_response
2026-08-15T10:40:58+00:00,2026-08-15T18:40:00+08:00,Clementi ActiveSG Gym,open,51,51% full,"{""id"":""EcBGtBDRSadwhso2WV0Tk"",""name"":""Clementi ActiveSG Gym"",""capacityPercentage"":51,""type"":""gym"",""isClosed"":false}",api_response
2026-08-15T10:50:15+00:00,2026-08-15T18:50:00+08:00,Clementi ActiveSG Gym,open,54,54% full,"{""id"":""EcBGtBDRSadwhso2WV0Tk"",""name"":""Clementi ActiveSG Gym"",""capacityPercentage"":54,""type"":""gym"",""isClosed"":false}",api_response
2026-08-15T11:04:49+00:00,2026-08-15T19:04:00+08:00,Clementi ActiveSG Gym,open,52,52% full,"{""id"":""EcBGtBDRSadwhso2WV0Tk"",""name"":""Clementi ActiveSG Gym"",""capacityPercentage"":52,""type"":""gym"",""isClosed"":false}",api_response
2026-08-15T11:35:07+00:00,2026-08-15T19:35:00+08:00,Clementi ActiveSG Gym,open,58,58% full,"{""id"":""EcBGtBDRSadwhso2WV0Tk"",""name"":""Clementi ActiveSG Gym"",""capacityPercentage"":58,""type"":""gym"",""isClosed"":false}",api_response
2026-08-15T11:47:22+00:00,2026-08-15T19:47:00+08:00,Clementi ActiveSG Gym,open,59,59% full,"{""id"":""EcBGtBDRSadwhso2WV0Tk"",""name"":""Clementi ActiveSG Gym"",""capacityPercentage"":59,""type"":""gym"",""isClosed"":false}",api_response
2026-08-15T12:01:43+00:00,2026-08-15T20:01:00+08:00,Clementi ActiveSG Gym,open,67,67% full,"{""id"":""EcBGtBDRSadwhso2WV0Tk"",""name"":""Clementi ActiveSG Gym"",""capacityPercentage"":67,""type"":""gym"",""isClosed"":false}",api_response
2026-08-15T12:59:53+00:00,2026-08-15T20:59:00+08:00,Clementi ActiveSG Gym,open,64,64% full,"{""id"":""EcBGtBDRSadwhso2WV0Tk"",""name"":""Clementi ActiveSG Gym"",""capacityPercentage"":64,""type"":""gym"",""isClosed"":false}",api_response
2026-08-15T13:09:28+00:00,2026-08-15T21:09:00+08:00,Clementi ActiveSG Gym,open,62,62% full,"{""id"":""EcBGtBDRSadwhso2WV0Tk"",""name"":""Clementi ActiveSG Gym"",""capacityPercentage"":62,""type"":""gym"",""isClosed"":false}",api_response
2026-08-15T13:20:23+00:00,2026-08-15T21:20:00+08:00,Clementi ActiveSG Gym,open,58,58% full,"{""id"":""EcBGtBDRSadwhso2WV0Tk"",""name"":""Clementi ActiveSG Gym"",""capacityPercentage"":58,""type"":""gym"",""isClosed"":false}",api_response
2026-08-15T13:44:26+00:00,2026-08-15T21:44:00+08:00,Clementi ActiveSG Gym,open,0,0% full,"{""id"":""EcBGtBDRSadwhso2WV0Tk"",""name"":""Clementi ActiveSG Gym"",""capacityPercentage"":0,""type"":""gym"",""isClosed"":false}",api_response
2026-08-15T13:53:31+00:00,2026-08-15T21:53:00+08:00,Clementi ActiveSG Gym,open,0,0% full,"{""id"":""EcBGtBDRSadwhso2WV0Tk"",""name"":""Clementi ActiveSG Gym"",""capacityPercentage"":0,""type"":""gym"",""isClosed"":false}",api_response
2026-08-15T14:08:31+00:00,2026-08-15T22:08:00+08:00,Clementi ActiveSG Gym,closed,,Closed,"{""id"":""EcBGtBDRSadwhso2WV0Tk"",""name"":""Clementi ActiveSG Gym"",""capacityPercentage"":0,""type"":""gym"",""isClosed"":true}",api_response
2026-08-15T14:40:59+00:00,2026-08-15T22:40:00+08:00,Clementi ActiveSG Gym,closed,,Closed,"{""id"":""EcBGtBDRSadwhso2WV0Tk"",""name"":""Clementi ActiveSG Gym"",""capacityPercentage"":0,""type"":""gym"",""isClosed"":true}",api_response
2026-08-15T14:50:50+00:00,2026-08-15T22:50:00+08:00,Clementi ActiveSG Gym,closed,,Closed,"{""id"":""EcBGtBDRSadwhso2WV0Tk"",""name"":""Clementi ActiveSG Gym"",""capacityPercentage"":0,""type"":""gym"",""isClosed"":true}",api_response
2026-08-15T15:05:49+00:00,2026-08-15T23:05:00+08:00,Clementi ActiveSG Gym,closed,,Closed,"{""id"":""EcBGtBDRSadwhso2WV0Tk"",""name"":""Clementi ActiveSG Gym"",""capacityPercentage"":0,""type"":""gym"",""isClosed"":true}",api_response
2026-08-15T23:35:04+00:00,2026-08-16T07:35:00+08:00,Clementi ActiveSG Gym,open,23,23% full,"{""id"":""EcBGtBDRSadwhso2WV0Tk"",""name"":""Clementi ActiveSG Gym"",""capacityPercentage"":23,""type"":""gym"",""isClosed"":false}",api_response
2026-08-15T23:47:59+00:00,2026-08-16T07:47:00+08:00,Clementi ActiveSG Gym,open,31,31% full,"{""id"":""EcBGtBDRSadwhso2WV0Tk"",""name"":""Clementi ActiveSG Gym"",""capacityPercentage"":31,""type"":""gym"",""isClosed"":false}",api_response
2026-08-16T00:02:06+00:00,2026-08-16T08:02:00+08:00,Clementi ActiveSG Gym,open,35,35% full,"{""id"":""EcBGtBDRSadwhso2WV0Tk"",""name"":""Clementi ActiveSG Gym"",""capacityPercentage"":35,""type"":""gym"",""isClosed"":false}",api_response
2026-08-16T02:07:32+00:00,2026-08-16T10:07:00+08:00,Clementi ActiveSG Gym,open,55,55% full,"{""id"":""EcBGtBDRSadwhso2WV0Tk"",""name"":""Clementi ActiveSG Gym"",""capacityPercentage"":55,""type"":""gym"",""isClosed"":false}",api_response
2026-08-16T02:12:47+00:00,2026-08-16T10:12:00+08:00,Clementi ActiveSG Gym,open,56,56% full,"{""id"":""EcBGtBDRSadwhso2WV0Tk"",""name"":""Clementi ActiveSG Gym"",""capacityPercentage"":56,""type"":""gym"",""isClosed"":false}",api_response
2026-08-16T03:13:41+00:00,2026-08-16T11:13:00+08:00,Clementi ActiveSG Gym,open,56,56% full,"{""id"":""EcBGtBDRSadwhso2WV0Tk"",""name"":""Clementi ActiveSG Gym"",""capacityPercentage"":56,""type"":""gym"",""isClosed"":false}",api_response
2026-08-16T03:28:01+00:00,2026-08-16T11:27:00+08:00,Clementi ActiveSG Gym,open,59,59% full,"{""id"":""EcBGtBDRSadwhso2WV0Tk"",""name"":""Clementi ActiveSG Gym"",""capacityPercentage"":59,""type"":""gym"",""isClosed"":false}",api_response
2026-08-16T03:36:17+00:00,2026-08-16T11:36:00+08:00,Clementi ActiveSG Gym,open,61,61% full,"{""id"":""EcBGtBDRSadwhso2WV0Tk"",""name"":""Clementi ActiveSG Gym"",""capacityPercentage"":61,""type"":""gym"",""isClosed"":false}",api_response
2026-08-16T04:01:26+00:00,2026-08-16T12:01:00+08:00,Clementi ActiveSG Gym,open,67,67% full,"{""id"":""EcBGtBDRSadwhso2WV0Tk"",""name"":""Clementi ActiveSG Gym"",""capacityPercentage"":67,""type"":""gym"",""isClosed"":false}",api_response
2026-08-16T04:09:20+00:00,2026-08-16T12:09:00+08:00,Clementi ActiveSG Gym,open,68,68% full,"{""id"":""EcBGtBDRSadwhso2WV0Tk"",""name"":""Clementi ActiveSG Gym"",""capacityPercentage"":68,""type"":""gym"",""isClosed"":false}",api_response
2026-08-16T04:22:39+00:00,2026-08-16T12:22:00+08:00,Clementi ActiveSG Gym,open,59,59% full,"{""id"":""EcBGtBDRSadwhso2WV0Tk"",""name"":""Clementi ActiveSG Gym"",""capacityPercentage"":59,""type"":""gym"",""isClosed"":false}",api_response
2026-08-16T04:50:47+00:00,2026-08-16T12:50:00+08:00,Clementi ActiveSG Gym,open,45,45% full,"{""id"":""EcBGtBDRSadwhso2WV0Tk"",""name"":""Clementi ActiveSG Gym"",""capacityPercentage"":45,""type"":""gym"",""isClosed"":false}",api_response
2026-08-16T05:02:24+00:00,2026-08-16T13:02:00+08:00,Clementi ActiveSG Gym,open,47,47% full,"{""id"":""EcBGtBDRSadwhso2WV0Tk"",""name"":""Clementi ActiveSG Gym"",""capacityPercentage"":47,""type"":""gym"",""isClosed"":false}",api_response
2026-08-16T05:15:33+00:00,2026-08-16T13:15:00+08:00,Clementi ActiveSG Gym,open,52,52% full,"{""id"":""EcBGtBDRSadwhso2WV0Tk"",""name"":""Clementi ActiveSG Gym"",""capacityPercentage"":52,""type"":""gym"",""isClosed"":false}",api_response
2026-08-16T05:44:47+00:00,2026-08-16T13:44:00+08:00,Clementi ActiveSG Gym,open,54,54% full,"{""id"":""EcBGtBDRSadwhso2WV0Tk"",""name"":""Clementi ActiveSG Gym"",""capacityPercentage"":54,""type"":""gym"",""isClosed"":false}",api_response
2026-08-16T05:55:50+00:00,2026-08-16T13:55:00+08:00,Clementi ActiveSG Gym,open,58,58% full,"{""id"":""EcBGtBDRSadwhso2WV0Tk"",""name"":""Clementi ActiveSG Gym"",""capacityPercentage"":58,""type"":""gym"",""isClosed"":false}",api_response
2026-08-16T06:16:00+00:00,2026-08-16T14:15:00+08:00,Clementi ActiveSG Gym,open,53,53% full,"{""id"":""EcBGtBDRSadwhso2WV0Tk"",""name"":""Clementi ActiveSG Gym"",""capacityPercentage"":53,""type"":""gym"",""isClosed"":false}",api_response
2026-08-16T07:00:07+00:00,2026-08-16T15:00:00+08:00,Clementi ActiveSG Gym,open,65,65% full,"{""id"":""EcBGtBDRSadwhso2WV0Tk"",""name"":""Clementi ActiveSG Gym"",""capacityPercentage"":65,""type"":""gym"",""isClosed"":false}",api_response
2026-08-16T07:09:43+00:00,2026-08-16T15:09:00+08:00,Clementi ActiveSG Gym,open,53,53% full,"{""id"":""EcBGtBDRSadwhso2WV0Tk"",""name"":""Clementi ActiveSG Gym"",""capacityPercentage"":53,""type"":""gym"",""isClosed"":false}",api_response
2026-08-16T07:20:13+00:00,2026-08-16T15:20:00+08:00,Clementi ActiveSG Gym,open,47,47% full,"{""id"":""EcBGtBDRSadwhso2WV0Tk"",""name"":""Clementi ActiveSG Gym"",""capacityPercentage"":47,""type"":""gym"",""isClosed"":false}",api_response
2026-08-16T07:46:18+00:00,2026-08-16T15:46:00+08:00,Clementi ActiveSG Gym,open,44,44% full,"{""id"":""EcBGtBDRSadwhso2WV0Tk"",""name"":""Clementi ActiveSG Gym"",""capacityPercentage"":44,""type"":""gym"",""isClosed"":false}",api_response
2026-08-16T08:12:24+00:00,2026-08-16T16:12:00+08:00,Clementi ActiveSG Gym,open,48,48% full,"{""id"":""EcBGtBDRSadwhso2WV0Tk"",""name"":""Clementi ActiveSG Gym"",""capacityPercentage"":48,""type"":""gym"",""isClosed"":false}",api_response
2026-08-16T08:48:19+00:00,2026-08-16T16:48:00+08:00,Clementi ActiveSG Gym,open,91,91% full,"{""id"":""EcBGtBDRSadwhso2WV0Tk"",""name"":""Clementi ActiveSG Gym"",""capacityPercentage"":91,""type"":""gym"",""isClosed"":false}",api_response
2026-08-16T08:58:23+00:00,2026-08-16T16:58:00+08:00,Clementi ActiveSG Gym,open,84,84% full,"{""id"":""EcBGtBDRSadwhso2WV0Tk"",""name"":""Clementi ActiveSG Gym"",""capacityPercentage"":84,""type"":""gym"",""isClosed"":false}",api_response
2026-08-16T09:13:21+00:00,2026-08-16T17:13:00+08:00,Clementi ActiveSG Gym,open,79,79% full,"{""id"":""EcBGtBDRSadwhso2WV0Tk"",""name"":""Clementi ActiveSG Gym"",""capacityPercentage"":79,""type"":""gym"",""isClosed"":false}",api_response
2026-08-16T09:52:47+00:00,2026-08-16T17:52:00+08:00,Clementi ActiveSG Gym,open,82,82% full,"{""id"":""EcBGtBDRSadwhso2WV0Tk"",""name"":""Clementi ActiveSG Gym"",""capacityPercentage"":82,""type"":""gym"",""isClosed"":false}",api_response
2026-08-16T10:08:56+00:00,2026-08-16T18:08:00+08:00,Clementi ActiveSG Gym,open,78,78% full,"{""id"":""EcBGtBDRSadwhso2WV0Tk"",""name"":""Clementi ActiveSG Gym"",""capacityPercentage"":78,""type"":""gym"",""isClosed"":false}",api_response
2026-08-16T10:41:36+00:00,2026-08-16T18:41:00+08:00,Clementi ActiveSG Gym,open,77,77% full,"{""id"":""EcBGtBDRSadwhso2WV0Tk"",""name"":""Clementi ActiveSG Gym"",""capacityPercentage"":77,""type"":""gym"",""isClosed"":false}",api_response
2026-08-16T10:50:33+00:00,2026-08-16T18:50:00+08:00,Clementi ActiveSG Gym,open,76,76% full,"{""id"":""EcBGtBDRSadwhso2WV0Tk"",""name"":""Clementi ActiveSG Gym"",""capacityPercentage"":76,""type"":""gym"",""isClosed"":false}",api_response
2026-08-16T11:07:00+00:00,2026-08-16T19:06:00+08:00,Clementi ActiveSG Gym,open,78,78% full,"{""id"":""EcBGtBDRSadwhso2WV0Tk"",""name"":""Clementi ActiveSG Gym"",""capacityPercentage"":78,""type"":""gym"",""isClosed"":false}",api_response
2026-08-16T11:35:00+00:00,2026-08-16T19:34:00+08:00,Clementi ActiveSG Gym,open,72,72% full,"{""id"":""EcBGtBDRSadwhso2WV0Tk"",""name"":""Clementi ActiveSG Gym"",""capacityPercentage"":72,""type"":""gym"",""isClosed"":false}",api_response
2026-08-16T11:48:19+00:00,2026-08-16T19:48:00+08:00,Clementi ActiveSG Gym,open,67,67% full,"{""id"":""EcBGtBDRSadwhso2WV0Tk"",""name"":""Clementi ActiveSG Gym"",""capacityPercentage"":67,""type"":""gym"",""isClosed"":false}",api_response
2026-08-16T12:10:55+00:00,2026-08-16T20:10:00+08:00,Clementi ActiveSG Gym,open,60,60% full,"{""id"":""EcBGtBDRSadwhso2WV0Tk"",""name"":""Clementi ActiveSG Gym"",""capacityPercentage"":60,""type"":""gym"",""isClosed"":false}",api_response
2026-08-16T13:01:52+00:00,2026-08-16T21:01:00+08:00,Clementi ActiveSG Gym,open,54,54% full,"{""id"":""EcBGtBDRSadwhso2WV0Tk"",""name"":""Clementi ActiveSG Gym"",""capacityPercentage"":54,""type"":""gym"",""isClosed"":false}",api_response
2026-08-16T13:10:43+00:00,2026-08-16T21:10:00+08:00,Clementi ActiveSG Gym,open,48,48% full,"{""id"":""EcBGtBDRSadwhso2WV0Tk"",""name"":""Clementi ActiveSG Gym"",""capacityPercentage"":48,""type"":""gym"",""isClosed"":false}",api_response
2026-08-16T13:21:31+00:00,2026-08-16T21:21:00+08:00,Clementi ActiveSG Gym,open,52,52% full,"{""id"":""EcBGtBDRSadwhso2WV0Tk"",""name"":""Clementi ActiveSG Gym"",""capacityPercentage"":52,""type"":""gym"",""isClosed"":false}",api_response
2026-08-16T13:45:46+00:00,2026-08-16T21:45:00+08:00,Clementi ActiveSG Gym,open,0,0% full,"{""id"":""EcBGtBDRSadwhso2WV0Tk"",""name"":""Clementi ActiveSG Gym"",""capacityPercentage"":0,""type"":""gym"",""isClosed"":false}",api_response
2026-08-16T13:54:28+00:00,2026-08-16T21:54:00+08:00,Clementi ActiveSG Gym,open,0,0% full,"{""id"":""EcBGtBDRSadwhso2WV0Tk"",""name"":""Clementi ActiveSG Gym"",""capacityPercentage"":0,""type"":""gym"",""isClosed"":false}",api_response
2026-08-16T14:10:04+00:00,2026-08-16T22:10:00+08:00,Clementi ActiveSG Gym,closed,,Closed,"{""id"":""EcBGtBDRSadwhso2WV0Tk"",""name"":""Clementi ActiveSG Gym"",""capacityPercentage"":0,""type"":""gym"",""isClosed"":true}",api_response
2026-08-16T14:40:35+00:00,2026-08-16T22:40:00+08:00,Clementi ActiveSG Gym,closed,,Closed,"{""id"":""EcBGtBDRSadwhso2WV0Tk"",""name"":""Clementi ActiveSG Gym"",""capacityPercentage"":0,""type"":""gym"",""isClosed"":true}",api_response
2026-08-16T14:51:17+00:00,2026-08-16T22:51:00+08:00,Clementi ActiveSG Gym,closed,,Closed,"{""id"":""EcBGtBDRSadwhso2WV0Tk"",""name"":""Clementi ActiveSG Gym"",""capacityPercentage"":0,""type"":""gym"",""isClosed"":true}",api_response
2026-08-16T15:07:18+00:00,2026-08-16T23:07:00+08:00,Clementi ActiveSG Gym,closed,,Closed,"{""id"":""EcBGtBDRSadwhso2WV0Tk"",""name"":""Clementi ActiveSG Gym"",""capacityPercentage"":0,""type"":""gym"",""isClosed"":true}",api_response
2026-08-16T23:34:28+00:00,2026-08-17T07:34:00+08:00,Clementi ActiveSG Gym,open,39,39% full,"{""id"":""EcBGtBDRSadwhso2WV0Tk"",""name"":""Clementi ActiveSG Gym"",""capacityPercentage"":39,""type"":""gym"",""isClosed"":false}",api_response
2026-08-16T23:47:20+00:00,2026-08-17T07:47:00+08:00,Clementi ActiveSG Gym,open,43,43% full,"{""id"":""EcBGtBDRSadwhso2WV0Tk"",""name"":""Clementi ActiveSG Gym"",""capacityPercentage"":43,""type"":""gym"",""isClosed"":false}",api_response
2026-08-17T00:01:32+00:00,2026-08-17T08:01:00+08:00,Clementi ActiveSG Gym,open,44,44% full,"{""id"":""EcBGtBDRSadwhso2WV0Tk"",""name"":""Clementi ActiveSG Gym"",""capacityPercentage"":44,""type"":""gym"",""isClosed"":false}",api_response
2026-08-17T01:56:12+00:00,2026-08-17T09:56:00+08:00,Clementi ActiveSG Gym,open,54,54% full,"{""id"":""EcBGtBDRSadwhso2WV0Tk"",""name"":""Clementi ActiveSG Gym"",""capacityPercentage"":54,""type"":""gym"",""isClosed"":false}",api_response
2026-08-17T02:05:02+00:00,2026-08-17T10:05:00+08:00,Clementi ActiveSG Gym,open,51,51% full,"{""id"":""EcBGtBDRSadwhso2WV0Tk"",""name"":""Clementi ActiveSG Gym"",""capacityPercentage"":51,""type"":""gym"",""isClosed"":false}",api_response
2026-08-17T02:11:00+00:00,2026-08-17T10:10:00+08:00,Clementi ActiveSG Gym,open,54,54% full,"{""id"":""EcBGtBDRSadwhso2WV0Tk"",""name"":""Clementi ActiveSG Gym"",""capacityPercentage"":54,""type"":""gym"",""isClosed"":false}",api_response
2026-08-17T03:13:35+00:00,2026-08-17T11:13:00+08:00,Clementi ActiveSG Gym,open,65,65% full,"{""id"":""EcBGtBDRSadwhso2WV0Tk"",""name"":""Clementi ActiveSG Gym"",""capacityPercentage"":65,""type"":""gym"",""isClosed"":false}",api_response
2026-08-17T03:37:01+00:00,2026-08-17T11:37:00+08:00,Clementi ActiveSG Gym,open,65,65% full,"{""id"":""EcBGtBDRSadwhso2WV0Tk"",""name"":""Clementi ActiveSG Gym"",""capacityPercentage"":65,""type"":""gym"",""isClosed"":false}",api_response
2026-08-17T04:20:12+00:00,2026-08-17T12:20:00+08:00,Clementi ActiveSG Gym,open,73,73% full,"{""id"":""EcBGtBDRSadwhso2WV0Tk"",""name"":""Clementi ActiveSG Gym"",""capacityPercentage"":73,""type"":""gym"",""isClosed"":false}",api_response
2026-08-17T04:27:42+00:00,2026-08-17T12:27:00+08:00,Clementi ActiveSG Gym,open,74,74% full,"{""id"":""EcBGtBDRSadwhso2WV0Tk"",""name"":""Clementi ActiveSG Gym"",""capacityPercentage"":74,""type"":""gym"",""isClosed"":false}",api_response
2026-08-17T05:10:25+00:00,2026-08-17T13:10:00+08:00,Clementi ActiveSG Gym,open,69,69% full,"{""id"":""EcBGtBDRSadwhso2WV0Tk"",""name"":""Clementi ActiveSG Gym"",""capacityPercentage"":69,""type"":""gym"",""isClosed"":false}",api_response
2026-08-17T05:23:15+00:00,2026-08-17T13:23:00+08:00,Clementi ActiveSG Gym,open,73,73% full,"{""id"":""EcBGtBDRSadwhso2WV0Tk"",""name"":""Clementi ActiveSG Gym"",""capacityPercentage"":73,""type"":""gym"",""isClosed"":false}",api_response
2026-08-17T06:02:12+00:00,2026-08-17T14:02:00+08:00,Clementi ActiveSG Gym,open,57,57% full,"{""id"":""EcBGtBDRSadwhso2WV0Tk"",""name"":""Clementi ActiveSG Gym"",""capacityPercentage"":57,""type"":""gym"",""isClosed"":false}",api_response
2026-08-17T06:24:19+00:00,2026-08-17T14:24:00+08:00,Clementi ActiveSG Gym,open,68,68% full,"{""id"":""EcBGtBDRSadwhso2WV0Tk"",""name"":""Clementi ActiveSG Gym"",""capacityPercentage"":68,""type"":""gym"",""isClosed"":false}",api_response
2026-08-17T07:17:27+00:00,2026-08-17T15:17:00+08:00,Clementi ActiveSG Gym,open,87,87% full,"{""id"":""EcBGtBDRSadwhso2WV0Tk"",""name"":""Clementi ActiveSG Gym"",""capacityPercentage"":87,""type"":""gym"",""isClosed"":false}",api_response
2026-08-17T07:33:56+00:00,2026-08-17T15:33:00+08:00,Clementi ActiveSG Gym,open,77,77% full,"{""id"":""EcBGtBDRSadwhso2WV0Tk"",""name"":""Clementi ActiveSG Gym"",""capacityPercentage"":77,""type"":""gym"",""isClosed"":false}",api_response
2026-08-17T07:40:26+00:00,2026-08-17T15:40:00+08:00,Clementi ActiveSG Gym,open,78,78% full,"{""id"":""EcBGtBDRSadwhso2WV0Tk"",""name"":""Clementi ActiveSG Gym"",""capacityPercentage"":78,""type"":""gym"",""isClosed"":false}",api_response
2026-08-17T08:03:44+00:00,2026-08-17T16:03:00+08:00,Clementi ActiveSG Gym,open,80,80% full,"{""id"":""EcBGtBDRSadwhso2WV0Tk"",""name"":""Clementi ActiveSG Gym"",""capacityPercentage"":80,""type"":""gym"",""isClosed"":false}",api_response
2026-08-17T08:09:18+00:00,2026-08-17T16:09:00+08:00,Clementi ActiveSG Gym,open,78,78% full,"{""id"":""EcBGtBDRSadwhso2WV0Tk"",""name"":""Clementi ActiveSG Gym"",""capacityPercentage"":78,""type"":""gym"",""isClosed"":false}",api_response
2026-08-17T08:26:56+00:00,2026-08-17T16:26:00+08:00,Clementi ActiveSG Gym,open,82,82% full,"{""id"":""EcBGtBDRSadwhso2WV0Tk"",""name"":""Clementi ActiveSG Gym"",""capacityPercentage"":82,""type"":""gym"",""isClosed"":false}",api_response
2026-08-17T09:01:58+00:00,2026-08-17T17:01:00+08:00,Clementi ActiveSG Gym,open,91,91% full,"{""id"":""EcBGtBDRSadwhso2WV0Tk"",""name"":""Clementi ActiveSG Gym"",""capacityPercentage"":91,""type"":""gym"",""isClosed"":false}",api_response
2026-08-17T09:11:04+00:00,2026-08-17T17:11:00+08:00,Clementi ActiveSG Gym,open,93,93% full,"{""id"":""EcBGtBDRSadwhso2WV0Tk"",""name"":""Clementi ActiveSG Gym"",""capacityPercentage"":93,""type"":""gym"",""isClosed"":false}",api_response
2026-08-17T09:26:10+00:00,2026-08-17T17:26:00+08:00,Clementi ActiveSG Gym,open,82,82% full,"{""id"":""EcBGtBDRSadwhso2WV0Tk"",""name"":""Clementi ActiveSG Gym"",""capacityPercentage"":82,""type"":""gym"",""isClosed"":false}",api_response
2026-08-17T09:58:23+00:00,2026-08-17T17:58:00+08:00,Clementi ActiveSG Gym,open,98,98% full,"{""id"":""EcBGtBDRSadwhso2WV0Tk"",""name"":""Clementi ActiveSG Gym"",""capacityPercentage"":98,""type"":""gym"",""isClosed"":false}",api_response
2026-08-17T10:06:13+00:00,2026-08-17T18:06:00+08:00,Clementi ActiveSG Gym,open,96,96% full,"{""id"":""EcBGtBDRSadwhso2WV0Tk"",""name"":""Clementi ActiveSG Gym"",""capacityPercentage"":96,""type"":""gym"",""isClosed"":false}",api_response
2026-08-17T10:17:47+00:00,2026-08-17T18:17:00+08:00,Clementi ActiveSG Gym,open,89,89% full,"{""id"":""EcBGtBDRSadwhso2WV0Tk"",""name"":""Clementi ActiveSG Gym"",""capacityPercentage"":89,""type"":""gym"",""isClosed"":false}",api_response
2026-08-17T10:48:59+00:00,2026-08-17T18:48:00+08:00,Clementi ActiveSG Gym,open,95,95% full,"{""id"":""EcBGtBDRSadwhso2WV0Tk"",""name"":""Clementi ActiveSG Gym"",""capacityPercentage"":95,""type"":""gym"",""isClosed"":false}",api_response
2026-08-17T10:58:22+00:00,2026-08-17T18:58:00+08:00,Clementi ActiveSG Gym,open,91,91% full,"{""id"":""EcBGtBDRSadwhso2WV0Tk"",""name"":""Clementi ActiveSG Gym"",""capacityPercentage"":91,""type"":""gym"",""isClosed"":false}",api_response
2026-08-17T11:12:48+00:00,2026-08-17T19:12:00+08:00,Clementi ActiveSG Gym,open,84,84% full,"{""id"":""EcBGtBDRSadwhso2WV0Tk"",""name"":""Clementi ActiveSG Gym"",""capacityPercentage"":84,""type"":""gym"",""isClosed"":false}",api_response
2026-08-17T11:42:26+00:00,2026-08-17T19:42:00+08:00,Clementi ActiveSG Gym,open,85,85% full,"{""id"":""EcBGtBDRSadwhso2WV0Tk"",""name"":""Clementi ActiveSG Gym"",""capacityPercentage"":85,""type"":""gym"",""isClosed"":false}",api_response
2026-08-17T11:52:00+00:00,2026-08-17T19:51:00+08:00,Clementi ActiveSG Gym,open,87,87% full,"{""id"":""EcBGtBDRSadwhso2WV0Tk"",""name"":""Clementi ActiveSG Gym"",""capacityPercentage"":87,""type"":""gym"",""isClosed"":false}",api_response
2026-08-17T12:14:29+00:00,2026-08-17T20:14:00+08:00,Clementi ActiveSG Gym,open,95,95% full,"{""id"":""EcBGtBDRSadwhso2WV0Tk"",""name"":""Clementi ActiveSG Gym"",""capacityPercentage"":95,""type"":""gym"",""isClosed"":false}",api_response
2026-08-17T13:07:23+00:00,2026-08-17T21:07:00+08:00,Clementi ActiveSG Gym,open,92,92% full,"{""id"":""EcBGtBDRSadwhso2WV0Tk"",""name"":""Clementi ActiveSG Gym"",""capacityPercentage"":92,""type"":""gym"",""isClosed"":false}",api_response
2026-08-17T13:22:38+00:00,2026-08-17T21:22:00+08:00,Clementi ActiveSG Gym,open,85,85% full,"{""id"":""EcBGtBDRSadwhso2WV0Tk"",""name"":""Clementi ActiveSG Gym"",""capacityPercentage"":85,""type"":""gym"",""isClosed"":false}",api_response
2026-08-17T13:30:00+00:00,2026-08-17T21:29:00+08:00,Clementi ActiveSG Gym,open,83,83% full,"{""id"":""EcBGtBDRSadwhso2WV0Tk"",""name"":""Clementi ActiveSG Gym"",""capacityPercentage"":83,""type"":""gym"",""isClosed"":false}",api_response
2026-08-17T13:54:16+00:00,2026-08-17T21:54:00+08:00,Clementi ActiveSG Gym,open,0,0% full,"{""id"":""EcBGtBDRSadwhso2WV0Tk"",""name"":""Clementi ActiveSG Gym"",""capacityPercentage"":0,""type"":""gym"",""isClosed"":false}",api_response
2026-08-17T14:02:42+00:00,2026-08-17T22:02:00+08:00,Clementi ActiveSG Gym,closed,,Closed,"{""id"":""EcBGtBDRSadwhso2WV0Tk"",""name"":""Clementi ActiveSG Gym"",""capacityPercentage"":0,""type"":""gym"",""isClosed"":true}",api_response
2026-08-17T14:13:56+00:00,2026-08-17T22:13:00+08:00,Clementi ActiveSG Gym,closed,,Closed,"{""id"":""EcBGtBDRSadwhso2WV0Tk"",""name"":""Clementi ActiveSG Gym"",""capacityPercentage"":0,""type"":""gym"",""isClosed"":true}",api_response
2026-08-17T14:46:19+00:00,2026-08-17T22:46:00+08:00,Clementi ActiveSG Gym,closed,,Closed,"{""id"":""EcBGtBDRSadwhso2WV0Tk"",""name"":""Clementi ActiveSG Gym"",""capacityPercentage"":0,""type"":""gym"",""isClosed"":true}",api_response
2026-08-17T14:55:14+00:00,2026-08-17T22:55:00+08:00,Clementi ActiveSG Gym,closed,,Closed,"{""id"":""EcBGtBDRSadwhso2WV0Tk"",""name"":""Clementi ActiveSG Gym"",""capacityPercentage"":0,""type"":""gym"",""isClosed"":true}",api_response
2026-08-17T15:12:21+00:00,2026-08-17T23:12:00+08:00,Clementi ActiveSG Gym,closed,,Closed,"{""id"":""EcBGtBDRSadwhso2WV0Tk"",""name"":""Clementi ActiveSG Gym"",""capacityPercentage"":0,""type"":""gym"",""isClosed"":true}",api_response
2026-08-17T23:38:25+00:00,2026-08-18T07:38:00+08:00,Clementi ActiveSG Gym,open,34,34% full,"{""id"":""EcBGtBDRSadwhso2WV0Tk"",""name"":""Clementi ActiveSG Gym"",""capacityPercentage"":34,""type"":""gym"",""isClosed"":false}",api_response
2026-08-17T23:49:04+00:00,2026-08-18T07:49:00+08:00,Clementi ActiveSG Gym,open,38,38% full,"{""id"":""EcBGtBDRSadwhso2WV0Tk"",""name"":""Clementi ActiveSG Gym"",""capacityPercentage"":38,""type"":""gym"",""isClosed"":false}",api_response
2026-08-18T00:24:08+00:00,2026-08-18T08:24:00+08:00,Clementi ActiveSG Gym,open,35,35% full,"{""id"":""EcBGtBDRSadwhso2WV0Tk"",""name"":""Clementi ActiveSG Gym"",""capacityPercentage"":35,""type"":""gym"",""isClosed"":false}",api_response
2026-08-18T01:51:36+00:00,2026-08-18T09:51:00+08:00,Clementi ActiveSG Gym,open,58,58% full,"{""id"":""EcBGtBDRSadwhso2WV0Tk"",""name"":""Clementi ActiveSG Gym"",""capacityPercentage"":58,""type"":""gym"",""isClosed"":false}",api_response
2026-08-18T01:59:38+00:00,2026-08-18T09:59:00+08:00,Clementi ActiveSG Gym,open,55,55% full,"{""id"":""EcBGtBDRSadwhso2WV0Tk"",""name"":""Clementi ActiveSG Gym"",""capacityPercentage"":55,""type"":""gym"",""isClosed"":false}",api_response
2026-08-18T02:07:05+00:00,2026-08-18T10:07:00+08:00,Clementi ActiveSG Gym,open,51,51% full,"{""id"":""EcBGtBDRSadwhso2WV0Tk"",""name"":""Clementi ActiveSG Gym"",""capacityPercentage"":51,""type"":""gym"",""isClosed"":false}",api_response
2026-08-18T03:24:04+00:00,2026-08-18T11:24:00+08:00,Clementi ActiveSG Gym,open,73,73% full,"{""id"":""EcBGtBDRSadwhso2WV0Tk"",""name"":""Clementi ActiveSG Gym"",""capacityPercentage"":73,""type"":""gym"",""isClosed"":false}",api_response
2026-08-18T03:32:28+00:00,2026-08-18T11:32:00+08:00,Clementi ActiveSG Gym,open,71,71% full,"{""id"":""EcBGtBDRSadwhso2WV0Tk"",""name"":""Clementi ActiveSG Gym"",""capacityPercentage"":71,""type"":""gym"",""isClosed"":false}",api_response
2026-08-18T03:59:41+00:00,2026-08-18T11:59:00+08:00,Clementi ActiveSG Gym,open,67,67% full,"{""id"":""EcBGtBDRSadwhso2WV0Tk"",""name"":""Clementi ActiveSG Gym"",""capacityPercentage"":67,""type"":""gym"",""isClosed"":false}",api_response
2026-08-18T04:09:31+00:00,2026-08-18T12:09:00+08:00,Clementi ActiveSG Gym,open,69,69% full,"{""id"":""EcBGtBDRSadwhso2WV0Tk"",""name"":""Clementi ActiveSG Gym"",""capacityPercentage"":69,""type"":""gym"",""isClosed"":false}",api_response
2026-08-18T04:21:54+00:00,2026-08-18T12:21:00+08:00,Clementi ActiveSG Gym,open,68,68% full,"{""id"":""EcBGtBDRSadwhso2WV0Tk"",""name"":""Clementi ActiveSG Gym"",""capacityPercentage"":68,""type"":""gym"",""isClosed"":false}",api_response
2026-08-18T04:53:49+00:00,2026-08-18T12:53:00+08:00,Clementi ActiveSG Gym,open,67,67% full,"{""id"":""EcBGtBDRSadwhso2WV0Tk"",""name"":""Clementi ActiveSG Gym"",""capacityPercentage"":67,""type"":""gym"",""isClosed"":false}",api_response
2026-08-18T05:03:31+00:00,2026-08-18T13:03:00+08:00,Clementi ActiveSG Gym,open,65,65% full,"{""id"":""EcBGtBDRSadwhso2WV0Tk"",""name"":""Clementi ActiveSG Gym"",""capacityPercentage"":65,""type"":""gym"",""isClosed"":false}",api_response
2026-08-18T05:17:13+00:00,2026-08-18T13:17:00+08:00,Clementi ActiveSG Gym,open,64,64% full,"{""id"":""EcBGtBDRSadwhso2WV0Tk"",""name"":""Clementi ActiveSG Gym"",""capacityPercentage"":64,""type"":""gym"",""isClosed"":false}",api_response
2026-08-18T05:45:59+00:00,2026-08-18T13:45:00+08:00,Clementi ActiveSG Gym,open,54,54% full,"{""id"":""EcBGtBDRSadwhso2WV0Tk"",""name"":""Clementi ActiveSG Gym"",""capacityPercentage"":54,""type"":""gym"",""isClosed"":false}",api_response
2026-08-18T05:56:22+00:00,2026-08-18T13:56:00+08:00,Clementi ActiveSG Gym,open,49,49% full,"{""id"":""EcBGtBDRSadwhso2WV0Tk"",""name"":""Clementi ActiveSG Gym"",""capacityPercentage"":49,""type"":""gym"",""isClosed"":false}",api_response
2026-08-18T06:18:24+00:00,2026-08-18T14:18:00+08:00,Clementi ActiveSG Gym,open,43,43% full,"{""id"":""EcBGtBDRSadwhso2WV0Tk"",""name"":""Clementi ActiveSG Gym"",""capacityPercentage"":43,""type"":""gym"",""isClosed"":false}",api_response
2026-08-18T07:05:27+00:00,2026-08-18T15:05:00+08:00,Clementi ActiveSG Gym,open,59,59% full,"{""id"":""EcBGtBDRSadwhso2WV0Tk"",""name"":""Clementi ActiveSG Gym"",""capacityPercentage"":59,""type"":""gym"",""isClosed"":false}",api_response
2026-08-18T07:21:23+00:00,2026-08-18T15:21:00+08:00,Clementi ActiveSG Gym,open,67,67% full,"{""id"":""EcBGtBDRSadwhso2WV0Tk"",""name"":""Clementi ActiveSG Gym"",""capacityPercentage"":67,""type"":""gym"",""isClosed"":false}",api_response
2026-08-18T07:26:38+00:00,2026-08-18T15:26:00+08:00,Clementi ActiveSG Gym,open,69,69% full,"{""id"":""EcBGtBDRSadwhso2WV0Tk"",""name"":""Clementi ActiveSG Gym"",""capacityPercentage"":69,""type"":""gym"",""isClosed"":false}",api_response
2026-08-18T07:55:22+00:00,2026-08-18T15:55:00+08:00,Clementi ActiveSG Gym,open,72,72% full,"{""id"":""EcBGtBDRSadwhso2WV0Tk"",""name"":""Clementi ActiveSG Gym"",""capacityPercentage"":72,""type"":""gym"",""isClosed"":false}",api_response
2026-08-18T08:04:24+00:00,2026-08-18T16:04:00+08:00,Clementi ActiveSG Gym,open,69,69% full,"{""id"":""EcBGtBDRSadwhso2WV0Tk"",""name"":""Clementi ActiveSG Gym"",""capacityPercentage"":69,""type"":""gym"",""isClosed"":false}",api_response
2026-08-18T08:18:39+00:00,2026-08-18T16:18:00+08:00,Clementi ActiveSG Gym,open,73,73% full,"{""id"":""EcBGtBDRSadwhso2WV0Tk"",""name"":""Clementi ActiveSG Gym"",""capacityPercentage"":73,""type"":""gym"",""isClosed"":false}",api_response
2026-08-18T08:54:03+00:00,2026-08-18T16:54:00+08:00,Clementi ActiveSG Gym,open,84,84% full,"{""id"":""EcBGtBDRSadwhso2WV0Tk"",""name"":""Clementi ActiveSG Gym"",""capacityPercentage"":84,""type"":""gym"",""isClosed"":false}",api_response
2026-08-18T09:04:49+00:00,2026-08-18T17:04:00+08:00,Clementi ActiveSG Gym,open,79,79% full,"{""id"":""EcBGtBDRSadwhso2WV0Tk"",""name"":""Clementi ActiveSG Gym"",""capacityPercentage"":79,""type"":""gym"",""isClosed"":false}",api_response
2026-08-18T09:18:26+00:00,2026-08-18T17:18:00+08:00,Clementi ActiveSG Gym,open,85,85% full,"{""id"":""EcBGtBDRSadwhso2WV0Tk"",""name"":""Clementi ActiveSG Gym"",""capacityPercentage"":85,""type"":""gym"",""isClosed"":false}",api_response
2026-08-18T09:49:08+00:00,2026-08-18T17:49:00+08:00,Clementi ActiveSG Gym,open,86,86% full,"{""id"":""EcBGtBDRSadwhso2WV0Tk"",""name"":""Clementi ActiveSG Gym"",""capacityPercentage"":86,""type"":""gym"",""isClosed"":false}",api_response
2026-08-18T09:59:24+00:00,2026-08-18T17:59:00+08:00,Clementi ActiveSG Gym,open,88,88% full,"{""id"":""EcBGtBDRSadwhso2WV0Tk"",""name"":""Clementi ActiveSG Gym"",""capacityPercentage"":88,""type"":""gym"",""isClosed"":false}",api_response
2026-08-18T10:14:01+00:00,2026-08-18T18:14:00+08:00,Clementi ActiveSG Gym,open,91,91% full,"{""id"":""EcBGtBDRSadwhso2WV0Tk"",""name"":""Clementi ActiveSG Gym"",""capacityPercentage"":91,""type"":""gym"",""isClosed"":false}",api_response
2026-08-18T10:47:39+00:00,2026-08-18T18:47:00+08:00,Clementi ActiveSG Gym,open,83,83% full,"{""id"":""EcBGtBDRSadwhso2WV0Tk"",""name"":""Clementi ActiveSG Gym"",""capacityPercentage"":83,""type"":""gym"",""isClosed"":false}",api_response
2026-08-18T10:57:11+00:00,2026-08-18T18:57:00+08:00,Clementi ActiveSG Gym,open,80,80% full,"{""id"":""EcBGtBDRSadwhso2WV0Tk"",""name"":""Clementi ActiveSG Gym"",""capacityPercentage"":80,""type"":""gym"",""isClosed"":false}",api_response
2026-08-18T11:14:55+00:00,2026-08-18T19:14:00+08:00,Clementi ActiveSG Gym,open,91,91% full,"{""id"":""EcBGtBDRSadwhso2WV0Tk"",""name"":""Clementi ActiveSG Gym"",""capacityPercentage"":91,""type"":""gym"",""isClosed"":false}",api_response
2026-08-18T11:43:04+00:00,2026-08-18T19:43:00+08:00,Clementi ActiveSG Gym,open,87,87% full,"{""id"":""EcBGtBDRSadwhso2WV0Tk"",""name"":""Clementi ActiveSG Gym"",""capacityPercentage"":87,""type"":""gym"",""isClosed"":false}",api_response
2026-08-18T11:52:42+00:00,2026-08-18T19:52:00+08:00,Clementi ActiveSG Gym,open,96,96% full,"{""id"":""EcBGtBDRSadwhso2WV0Tk"",""name"":""Clementi ActiveSG Gym"",""capacityPercentage"":96,""type"":""gym"",""isClosed"":false}",api_response
2026-08-18T12:16:07+00:00,2026-08-18T20:16:00+08:00,Clementi ActiveSG Gym,open,89,89% full,"{""id"":""EcBGtBDRSadwhso2WV0Tk"",""name"":""Clementi ActiveSG Gym"",""capacityPercentage"":89,""type"":""gym"",""isClosed"":false}",api_response
2026-08-18T13:09:14+00:00,2026-08-18T21:09:00+08:00,Clementi ActiveSG Gym,open,95,95% full,"{""id"":""EcBGtBDRSadwhso2WV0Tk"",""name"":""Clementi ActiveSG Gym"",""capacityPercentage"":95,""type"":""gym"",""isClosed"":false}",api_response
2026-08-18T13:25:07+00:00,2026-08-18T21:25:00+08:00,Clementi ActiveSG Gym,open,78,78% full,"{""id"":""EcBGtBDRSadwhso2WV0Tk"",""name"":""Clementi ActiveSG Gym"",""capacityPercentage"":78,""type"":""gym"",""isClosed"":false}",api_response
2026-08-18T13:32:58+00:00,2026-08-18T21:32:00+08:00,Clementi ActiveSG Gym,open,77,77% full,"{""id"":""EcBGtBDRSadwhso2WV0Tk"",""name"":""Clementi ActiveSG Gym"",""capacityPercentage"":77,""type"":""gym"",""isClosed"":false}",api_response
2026-08-18T13:57:48+00:00,2026-08-18T21:57:00+08:00,Clementi ActiveSG Gym,open,0,0% full,"{""id"":""EcBGtBDRSadwhso2WV0Tk"",""name"":""Clementi ActiveSG Gym"",""capacityPercentage"":0,""type"":""gym"",""isClosed"":false}",api_response
2026-08-18T14:07:38+00:00,2026-08-18T22:07:00+08:00,Clementi ActiveSG Gym,closed,,Closed,"{""id"":""EcBGtBDRSadwhso2WV0Tk"",""name"":""Clementi ActiveSG Gym"",""capacityPercentage"":0,""type"":""gym"",""isClosed"":true}",api_response
2026-08-18T14:19:01+00:00,2026-08-18T22:19:00+08:00,Clementi ActiveSG Gym,closed,,Closed,"{""id"":""EcBGtBDRSadwhso2WV0Tk"",""name"":""Clementi ActiveSG Gym"",""capacityPercentage"":0,""type"":""gym"",""isClosed"":true}",api_response
2026-08-18T14:53:35+00:00,2026-08-18T22:53:00+08:00,Clementi ActiveSG Gym,closed,,Closed,"{""id"":""EcBGtBDRSadwhso2WV0Tk"",""name"":""Clementi ActiveSG Gym"",""capacityPercentage"":0,""type"":""gym"",""isClosed"":true}",api_response
2026-08-18T15:03:09+00:00,2026-08-18T23:03:00+08:00,Clementi ActiveSG Gym,closed,,Closed,"{""id"":""EcBGtBDRSadwhso2WV0Tk"",""name"":""Clementi ActiveSG Gym"",""capacityPercentage"":0,""type"":""gym"",""isClosed"":true}",api_response
2026-08-18T15:17:15+00:00,2026-08-18T23:17:00+08:00,Clementi ActiveSG Gym,closed,,Closed,"{""id"":""EcBGtBDRSadwhso2WV0Tk"",""name"":""Clementi ActiveSG Gym"",""capacityPercentage"":0,""type"":""gym"",""isClosed"":true}",api_response
2026-08-18T23:38:24+00:00,2026-08-19T07:38:00+08:00,Clementi ActiveSG Gym,open,40,40% full,"{""id"":""EcBGtBDRSadwhso2WV0Tk"",""name"":""Clementi ActiveSG Gym"",""capacityPercentage"":40,""type"":""gym"",""isClosed"":false}",api_response
2026-08-18T23:48:59+00:00,2026-08-19T07:48:00+08:00,Clementi ActiveSG Gym,open,48,48% full,"{""id"":""EcBGtBDRSadwhso2WV0Tk"",""name"":""Clementi ActiveSG Gym"",""capacityPercentage"":48,""type"":""gym"",""isClosed"":false}",api_response
2026-08-19T00:23:50+00:00,2026-08-19T08:23:00+08:00,Clementi ActiveSG Gym,open,48,48% full,"{""id"":""EcBGtBDRSadwhso2WV0Tk"",""name"":""Clementi ActiveSG Gym"",""capacityPercentage"":48,""type"":""gym"",""isClosed"":false}",api_response
2026-08-19T01:53:49+00:00,2026-08-19T09:53:00+08:00,Clementi ActiveSG Gym,open,47,47% full,"{""id"":""EcBGtBDRSadwhso2WV0Tk"",""name"":""Clementi ActiveSG Gym"",""capacityPercentage"":47,""type"":""gym"",""isClosed"":false}",api_response
2026-08-19T02:04:26+00:00,2026-08-19T10:04:00+08:00,Clementi ActiveSG Gym,open,53,53% full,"{""id"":""EcBGtBDRSadwhso2WV0Tk"",""name"":""Clementi ActiveSG Gym"",""capacityPercentage"":53,""type"":""gym"",""isClosed"":false}",api_response
2026-08-19T02:10:31+00:00,2026-08-19T10:10:00+08:00,Clementi ActiveSG Gym,open,58,58% full,"{""id"":""EcBGtBDRSadwhso2WV0Tk"",""name"":""Clementi ActiveSG Gym"",""capacityPercentage"":58,""type"":""gym"",""isClosed"":false}",api_response
2026-08-19T03:14:45+00:00,2026-08-19T11:14:00+08:00,Clementi ActiveSG Gym,open,68,68% full,"{""id"":""EcBGtBDRSadwhso2WV0Tk"",""name"":""Clementi ActiveSG Gym"",""capacityPercentage"":68,""type"":""gym"",""isClosed"":false}",api_response
2026-08-19T03:26:13+00:00,2026-08-19T11:26:00+08:00,Clementi ActiveSG Gym,open,60,60% full,"{""id"":""EcBGtBDRSadwhso2WV0Tk"",""name"":""Clementi ActiveSG Gym"",""capacityPercentage"":60,""type"":""gym"",""isClosed"":false}",api_response
2026-08-19T03:34:38+00:00,2026-08-19T11:34:00+08:00,Clementi ActiveSG Gym,open,58,58% full,"{""id"":""EcBGtBDRSadwhso2WV0Tk"",""name"":""Clementi ActiveSG Gym"",""capacityPercentage"":58,""type"":""gym"",""isClosed"":false}",api_response
2026-08-19T04:02:04+00:00,2026-08-19T12:02:00+08:00,Clementi ActiveSG Gym,open,47,47% full,"{""id"":""EcBGtBDRSadwhso2WV0Tk"",""name"":""Clementi ActiveSG Gym"",""capacityPercentage"":47,""type"":""gym"",""isClosed"":false}",api_response
2026-08-19T04:09:12+00:00,2026-08-19T12:09:00+08:00,Clementi ActiveSG Gym,open,48,48% full,"{""id"":""EcBGtBDRSadwhso2WV0Tk"",""name"":""Clementi ActiveSG Gym"",""capacityPercentage"":48,""type"":""gym"",""isClosed"":false}",api_response
2026-08-19T04:22:55+00:00,2026-08-19T12:22:00+08:00,Clementi ActiveSG Gym,open,49,49% full,"{""id"":""EcBGtBDRSadwhso2WV0Tk"",""name"":""Clementi ActiveSG Gym"",""capacityPercentage"":49,""type"":""gym"",""isClosed"":false}",api_response
2026-08-19T05:47:24+00:00,2026-08-19T13:47:00+08:00,Clementi ActiveSG Gym,open,42,42% full,"{""id"":""EcBGtBDRSadwhso2WV0Tk"",""name"":""Clementi ActiveSG Gym"",""capacityPercentage"":42,""type"":""gym"",""isClosed"":false}",api_response
2026-08-19T05:57:32+00:00,2026-08-19T13:57:00+08:00,Clementi ActiveSG Gym,open,43,43% full,"{""id"":""EcBGtBDRSadwhso2WV0Tk"",""name"":""Clementi ActiveSG Gym"",""capacityPercentage"":43,""type"":""gym"",""isClosed"":false}",api_response
2026-08-19T06:21:37+00:00,2026-08-19T14:21:00+08:00,Clementi ActiveSG Gym,open,52,52% full,"{""id"":""EcBGtBDRSadwhso2WV0Tk"",""name"":""Clementi ActiveSG Gym"",""capacityPercentage"":52,""type"":""gym"",""isClosed"":false}",api_response
2026-08-19T07:22:43+00:00,2026-08-19T15:22:00+08:00,Clementi ActiveSG Gym,open,69,69% full,"{""id"":""EcBGtBDRSadwhso2WV0Tk"",""name"":""Clementi ActiveSG Gym"",""capacityPercentage"":69,""type"":""gym"",""isClosed"":false}",api_response
2026-08-19T07:30:56+00:00,2026-08-19T15:30:00+08:00,Clementi ActiveSG Gym,open,78,78% full,"{""id"":""EcBGtBDRSadwhso2WV0Tk"",""name"":""Clementi ActiveSG Gym"",""capacityPercentage"":78,""type"":""gym"",""isClosed"":false}",api_response
2026-08-19T07:56:26+00:00,2026-08-19T15:56:00+08:00,Clementi ActiveSG Gym,open,82,82% full,"{""id"":""EcBGtBDRSadwhso2WV0Tk"",""name"":""Clementi ActiveSG Gym"",""capacityPercentage"":82,""type"":""gym"",""isClosed"":false}",api_response
2026-08-19T08:06:00+00:00,2026-08-19T16:05:00+08:00,Clementi ActiveSG Gym,open,73,73% full,"{""id"":""EcBGtBDRSadwhso2WV0Tk"",""name"":""Clementi ActiveSG Gym"",""capacityPercentage"":73,""type"":""gym"",""isClosed"":false}",api_response
2026-08-19T08:20:10+00:00,2026-08-19T16:20:00+08:00,Clementi ActiveSG Gym,open,66,66% full,"{""id"":""EcBGtBDRSadwhso2WV0Tk"",""name"":""Clementi ActiveSG Gym"",""capacityPercentage"":66,""type"":""gym"",""isClosed"":false}",api_response
2026-08-19T09:07:21+00:00,2026-08-19T17:07:00+08:00,Clementi ActiveSG Gym,open,81,81% full,"{""id"":""EcBGtBDRSadwhso2WV0Tk"",""name"":""Clementi ActiveSG Gym"",""capacityPercentage"":81,""type"":""gym"",""isClosed"":false}",api_response
2026-08-19T09:50:50+00:00,2026-08-19T17:50:00+08:00,Clementi ActiveSG Gym,open,59,59% full,"{""id"":""EcBGtBDRSadwhso2WV0Tk"",""name"":""Clementi ActiveSG Gym"",""capacityPercentage"":59,""type"":""gym"",""isClosed"":false}",api_response
2026-08-19T09:59:47+00:00,2026-08-19T17:59:00+08:00,Clementi ActiveSG Gym,open,62,62% full,"{""id"":""EcBGtBDRSadwhso2WV0Tk"",""name"":""Clementi ActiveSG Gym"",""capacityPercentage"":62,""type"":""gym"",""isClosed"":false}",api_response
2026-08-19T10:14:09+00:00,2026-08-19T18:14:00+08:00,Clementi ActiveSG Gym,open,61,61% full,"{""id"":""EcBGtBDRSadwhso2WV0Tk"",""name"":""Clementi ActiveSG Gym"",""capacityPercentage"":61,""type"":""gym"",""isClosed"":false}",api_response
2026-08-19T10:47:30+00:00,2026-08-19T18:47:00+08:00,Clementi ActiveSG Gym,open,78,78% full,"{""id"":""EcBGtBDRSadwhso2WV0Tk"",""name"":""Clementi ActiveSG Gym"",""capacityPercentage"":78,""type"":""gym"",""isClosed"":false}",api_response
2026-08-19T11:12:09+00:00,2026-08-19T19:12:00+08:00,Clementi ActiveSG Gym,open,78,78% full,"{""id"":""EcBGtBDRSadwhso2WV0Tk"",""name"":""Clementi ActiveSG Gym"",""capacityPercentage"":78,""type"":""gym"",""isClosed"":false}",api_response
2026-08-19T11:42:14+00:00,2026-08-19T19:42:00+08:00,Clementi ActiveSG Gym,open,72,72% full,"{""id"":""EcBGtBDRSadwhso2WV0Tk"",""name"":""Clementi ActiveSG Gym"",""capacityPercentage"":72,""type"":""gym"",""isClosed"":false}",api_response
2026-08-19T12:18:18+00:00,2026-08-19T20:18:00+08:00,Clementi ActiveSG Gym,open,71,71% full,"{""id"":""EcBGtBDRSadwhso2WV0Tk"",""name"":""Clementi ActiveSG Gym"",""capacityPercentage"":71,""type"":""gym"",""isClosed"":false}",api_response
2026-08-19T13:10:14+00:00,2026-08-19T21:10:00+08:00,Clementi ActiveSG Gym,open,63,63% full,"{""id"":""EcBGtBDRSadwhso2WV0Tk"",""name"":""Clementi ActiveSG Gym"",""capacityPercentage"":63,""type"":""gym"",""isClosed"":false}",api_response
2026-08-19T13:26:30+00:00,2026-08-19T21:26:00+08:00,Clementi ActiveSG Gym,open,63,63% full,"{""id"":""EcBGtBDRSadwhso2WV0Tk"",""name"":""Clementi ActiveSG Gym"",""capacityPercentage"":63,""type"":""gym"",""isClosed"":false}",api_response
2026-08-19T13:34:22+00:00,2026-08-19T21:34:00+08:00,Clementi ActiveSG Gym,open,63,63% full,"{""id"":""EcBGtBDRSadwhso2WV0Tk"",""name"":""Clementi ActiveSG Gym"",""capacityPercentage"":63,""type"":""gym"",""isClosed"":false}",api_response
2026-08-19T13:58:29+00:00,2026-08-19T21:58:00+08:00,Clementi ActiveSG Gym,open,0,0% full,"{""id"":""EcBGtBDRSadwhso2WV0Tk"",""name"":""Clementi ActiveSG Gym"",""capacityPercentage"":0,""type"":""gym"",""isClosed"":false}",api_response
2026-08-19T14:08:39+00:00,2026-08-19T22:08:00+08:00,Clementi ActiveSG Gym,closed,,Closed,"{""id"":""EcBGtBDRSadwhso2WV0Tk"",""name"":""Clementi ActiveSG Gym"",""capacityPercentage"":0,""type"":""gym"",""isClosed"":true}",api_response
2026-08-19T14:57:46+00:00,2026-08-19T22:57:00+08:00,Clementi ActiveSG Gym,closed,,Closed,"{""id"":""EcBGtBDRSadwhso2WV0Tk"",""name"":""Clementi ActiveSG Gym"",""capacityPercentage"":0,""type"":""gym"",""isClosed"":true}",api_response
2026-08-19T15:17:23+00:00,2026-08-19T23:17:00+08:00,Clementi ActiveSG Gym,closed,,Closed,"{""id"":""EcBGtBDRSadwhso2WV0Tk"",""name"":""Clementi ActiveSG Gym"",""capacityPercentage"":0,""type"":""gym"",""isClosed"":true}",api_response
2026-08-19T23:38:36+00:00,2026-08-20T07:38:00+08:00,Clementi ActiveSG Gym,open,49,49% full,"{""id"":""EcBGtBDRSadwhso2WV0Tk"",""name"":""Clementi ActiveSG Gym"",""capacityPercentage"":49,""type"":""gym"",""isClosed"":false}",api_response
2026-08-19T23:49:14+00:00,2026-08-20T07:49:00+08:00,Clementi ActiveSG Gym,open,48,48% full,"{""id"":""EcBGtBDRSadwhso2WV0Tk"",""name"":""Clementi ActiveSG Gym"",""capacityPercentage"":48,""type"":""gym"",""isClosed"":false}",api_response
2026-08-20T00:24:29+00:00,2026-08-20T08:24:00+08:00,Clementi ActiveSG Gym,open,46,46% full,"{""id"":""EcBGtBDRSadwhso2WV0Tk"",""name"":""Clementi ActiveSG Gym"",""capacityPercentage"":46,""type"":""gym"",""isClosed"":false}",api_response
2026-08-20T01:52:37+00:00,2026-08-20T09:52:00+08:00,Clementi ActiveSG Gym,open,47,47% full,"{""id"":""EcBGtBDRSadwhso2WV0Tk"",""name"":""Clementi ActiveSG Gym"",""capacityPercentage"":47,""type"":""gym"",""isClosed"":false}",api_response
2026-08-20T02:01:54+00:00,2026-08-20T10:01:00+08:00,Clementi ActiveSG Gym,open,48,48% full,"{""id"":""EcBGtBDRSadwhso2WV0Tk"",""name"":""Clementi ActiveSG Gym"",""capacityPercentage"":48,""type"":""gym"",""isClosed"":false}",api_response
2026-08-20T02:08:41+00:00,2026-08-20T10:08:00+08:00,Clementi ActiveSG Gym,open,48,48% full,"{""id"":""EcBGtBDRSadwhso2WV0Tk"",""name"":""Clementi ActiveSG Gym"",""capacityPercentage"":48,""type"":""gym"",""isClosed"":false}",api_response
2026-08-20T03:10:58+00:00,2026-08-20T11:10:00+08:00,Clementi ActiveSG Gym,open,57,57% full,"{""id"":""EcBGtBDRSadwhso2WV0Tk"",""name"":""Clementi ActiveSG Gym"",""capacityPercentage"":57,""type"":""gym"",""isClosed"":false}",api_response
2026-08-20T03:25:31+00:00,2026-08-20T11:25:00+08:00,Clementi ActiveSG Gym,open,60,60% full,"{""id"":""EcBGtBDRSadwhso2WV0Tk"",""name"":""Clementi ActiveSG Gym"",""capacityPercentage"":60,""type"":""gym"",""isClosed"":false}",api_response
2026-08-20T03:34:44+00:00,2026-08-20T11:34:00+08:00,Clementi ActiveSG Gym,open,68,68% full,"{""id"":""EcBGtBDRSadwhso2WV0Tk"",""name"":""Clementi ActiveSG Gym"",""capacityPercentage"":68,""type"":""gym"",""isClosed"":false}",api_response
2026-08-20T03:59:38+00:00,2026-08-20T11:59:00+08:00,Clementi ActiveSG Gym,open,61,61% full,"{""id"":""EcBGtBDRSadwhso2WV0Tk"",""name"":""Clementi ActiveSG Gym"",""capacityPercentage"":61,""type"":""gym"",""isClosed"":false}",api_response
2026-08-20T04:10:06+00:00,2026-08-20T12:10:00+08:00,Clementi ActiveSG Gym,open,57,57% full,"{""id"":""EcBGtBDRSadwhso2WV0Tk"",""name"":""Clementi ActiveSG Gym"",""capacityPercentage"":57,""type"":""gym"",""isClosed"":false}",api_response
2026-08-20T04:22:48+00:00,2026-08-20T12:22:00+08:00,Clementi ActiveSG Gym,open,49,49% full,"{""id"":""EcBGtBDRSadwhso2WV0Tk"",""name"":""Clementi ActiveSG Gym"",""capacityPercentage"":49,""type"":""gym"",""isClosed"":false}",api_response
2026-08-20T04:54:38+00:00,2026-08-20T12:54:00+08:00,Clementi ActiveSG Gym,open,63,63% full,"{""id"":""EcBGtBDRSadwhso2WV0Tk"",""name"":""Clementi ActiveSG Gym"",""capacityPercentage"":63,""type"":""gym"",""isClosed"":false}",api_response
2026-08-20T05:05:11+00:00,2026-08-20T13:05:00+08:00,Clementi ActiveSG Gym,open,68,68% full,"{""id"":""EcBGtBDRSadwhso2WV0Tk"",""name"":""Clementi ActiveSG Gym"",""capacityPercentage"":68,""type"":""gym"",""isClosed"":false}",api_response
2026-08-20T05:18:30+00:00,2026-08-20T13:18:00+08:00,Clementi ActiveSG Gym,open,71,71% full,"{""id"":""EcBGtBDRSadwhso2WV0Tk"",""name"":""Clementi ActiveSG Gym"",""capacityPercentage"":71,""type"":""gym"",""isClosed"":false}",api_response
2026-08-20T05:47:38+00:00,2026-08-20T13:47:00+08:00,Clementi ActiveSG Gym,open,53,53% full,"{""id"":""EcBGtBDRSadwhso2WV0Tk"",""name"":""Clementi ActiveSG Gym"",""capacityPercentage"":53,""type"":""gym"",""isClosed"":false}",api_response
2026-08-20T05:58:04+00:00,2026-08-20T13:58:00+08:00,Clementi ActiveSG Gym,open,47,47% full,"{""id"":""EcBGtBDRSadwhso2WV0Tk"",""name"":""Clementi ActiveSG Gym"",""capacityPercentage"":47,""type"":""gym"",""isClosed"":false}",api_response
2026-08-20T06:20:19+00:00,2026-08-20T14:20:00+08:00,Clementi ActiveSG Gym,open,55,55% full,"{""id"":""EcBGtBDRSadwhso2WV0Tk"",""name"":""Clementi ActiveSG Gym"",""capacityPercentage"":55,""type"":""gym"",""isClosed"":false}",api_response
2026-08-20T07:07:18+00:00,2026-08-20T15:07:00+08:00,Clementi ActiveSG Gym,open,66,66% full,"{""id"":""EcBGtBDRSadwhso2WV0Tk"",""name"":""Clementi ActiveSG Gym"",""capacityPercentage"":66,""type"":""gym"",""isClosed"":false}",api_response
2026-08-20T07:24:44+00:00,2026-08-20T15:24:00+08:00,Clementi ActiveSG Gym,open,61,61% full,"{""id"":""EcBGtBDRSadwhso2WV0Tk"",""name"":""Clementi ActiveSG Gym"",""capacityPercentage"":61,""type"":""gym"",""isClosed"":false}",api_response
2026-08-20T07:29:15+00:00,2026-08-20T15:29:00+08:00,Clementi ActiveSG Gym,open,66,66% full,"{""id"":""EcBGtBDRSadwhso2WV0Tk"",""name"":""Clementi ActiveSG Gym"",""capacityPercentage"":66,""type"":""gym"",""isClosed"":false}",api_response
2026-08-20T07:58:02+00:00,2026-08-20T15:58:00+08:00,Clementi ActiveSG Gym,open,69,69% full,"{""id"":""EcBGtBDRSadwhso2WV0Tk"",""name"":""Clementi ActiveSG Gym"",""capacityPercentage"":69,""type"":""gym"",""isClosed"":false}",api_response
2026-08-20T08:06:35+00:00,2026-08-20T16:06:00+08:00,Clementi ActiveSG Gym,open,68,68% full,"{""id"":""EcBGtBDRSadwhso2WV0Tk"",""name"":""Clementi ActiveSG Gym"",""capacityPercentage"":68,""type"":""gym"",""isClosed"":false}",api_response
2026-08-20T08:20:34+00:00,2026-08-20T16:20:00+08:00,Clementi ActiveSG Gym,open,59,59% full,"{""id"":""EcBGtBDRSadwhso2WV0Tk"",""name"":""Clementi ActiveSG Gym"",""capacityPercentage"":59,""type"":""gym"",""isClosed"":false}",api_response
2026-08-20T08:57:08+00:00,2026-08-20T16:57:00+08:00,Clementi ActiveSG Gym,open,42,42% full,"{""id"":""EcBGtBDRSadwhso2WV0Tk"",""name"":""Clementi ActiveSG Gym"",""capacityPercentage"":42,""type"":""gym"",""isClosed"":false}",api_response
2026-08-20T09:06:52+00:00,2026-08-20T17:06:00+08:00,Clementi ActiveSG Gym,open,37,37% full,"{""id"":""EcBGtBDRSadwhso2WV0Tk"",""name"":""Clementi ActiveSG Gym"",""capacityPercentage"":37,""type"":""gym"",""isClosed"":false}",api_response
2026-08-20T09:19:48+00:00,2026-08-20T17:19:00+08:00,Clementi ActiveSG Gym,open,54,54% full,"{""id"":""EcBGtBDRSadwhso2WV0Tk"",""name"":""Clementi ActiveSG Gym"",""capacityPercentage"":54,""type"":""gym"",""isClosed"":false}",api_response
2026-08-20T09:51:10+00:00,2026-08-20T17:51:00+08:00,Clementi ActiveSG Gym,open,65,65% full,"{""id"":""EcBGtBDRSadwhso2WV0Tk"",""name"":""Clementi ActiveSG Gym"",""capacityPercentage"":65,""type"":""gym"",""isClosed"":false}",api_response
2026-08-20T10:01:37+00:00,2026-08-20T18:01:00+08:00,Clementi ActiveSG Gym,open,69,69% full,"{""id"":""EcBGtBDRSadwhso2WV0Tk"",""name"":""Clementi ActiveSG Gym"",""capacityPercentage"":69,""type"":""gym"",""isClosed"":false}",api_response
2026-08-20T10:15:57+00:00,2026-08-20T18:15:00+08:00,Clementi ActiveSG Gym,open,77,77% full,"{""id"":""EcBGtBDRSadwhso2WV0Tk"",""name"":""Clementi ActiveSG Gym"",""capacityPercentage"":77,""type"":""gym"",""isClosed"":false}",api_response
2026-08-20T10:48:30+00:00,2026-08-20T18:48:00+08:00,Clementi ActiveSG Gym,open,74,74% full,"{""id"":""EcBGtBDRSadwhso2WV0Tk"",""name"":""Clementi ActiveSG Gym"",""capacityPercentage"":74,""type"":""gym"",""isClosed"":false}",api_response
2026-08-20T10:58:50+00:00,2026-08-20T18:58:00+08:00,Clementi ActiveSG Gym,open,69,69% full,"{""id"":""EcBGtBDRSadwhso2WV0Tk"",""name"":""Clementi ActiveSG Gym"",""capacityPercentage"":69,""type"":""gym"",""isClosed"":false}",api_response
2026-08-20T11:13:50+00:00,2026-08-20T19:13:00+08:00,Clementi ActiveSG Gym,open,71,71% full,"{""id"":""EcBGtBDRSadwhso2WV0Tk"",""name"":""Clementi ActiveSG Gym"",""capacityPercentage"":71,""type"":""gym"",""isClosed"":false}",api_response
2026-08-20T11:44:15+00:00,2026-08-20T19:44:00+08:00,Clementi ActiveSG Gym,open,83,83% full,"{""id"":""EcBGtBDRSadwhso2WV0Tk"",""name"":""Clementi ActiveSG Gym"",""capacityPercentage"":83,""type"":""gym"",""isClosed"":false}",api_response
2026-08-20T11:54:51+00:00,2026-08-20T19:54:00+08:00,Clementi ActiveSG Gym,open,87,87% full,"{""id"":""EcBGtBDRSadwhso2WV0Tk"",""name"":""Clementi ActiveSG Gym"",""capacityPercentage"":87,""type"":""gym"",""isClosed"":false}",api_response
2026-08-20T12:17:19+00:00,2026-08-20T20:17:00+08:00,Clementi ActiveSG Gym,open,74,74% full,"{""id"":""EcBGtBDRSadwhso2WV0Tk"",""name"":""Clementi ActiveSG Gym"",""capacityPercentage"":74,""type"":""gym"",""isClosed"":false}",api_response
2026-08-20T13:11:55+00:00,2026-08-20T21:11:00+08:00,Clementi ActiveSG Gym,open,53,53% full,"{""id"":""EcBGtBDRSadwhso2WV0Tk"",""name"":""Clementi ActiveSG Gym"",""capacityPercentage"":53,""type"":""gym"",""isClosed"":false}",api_response
2026-08-20T13:28:30+00:00,2026-08-20T21:28:00+08:00,Clementi ActiveSG Gym,open,37,37% full,"{""id"":""EcBGtBDRSadwhso2WV0Tk"",""name"":""Clementi ActiveSG Gym"",""capacityPercentage"":37,""type"":""gym"",""isClosed"":false}",api_response
2026-08-20T13:36:20+00:00,2026-08-20T21:36:00+08:00,Clementi ActiveSG Gym,open,32,32% full,"{""id"":""EcBGtBDRSadwhso2WV0Tk"",""name"":""Clementi ActiveSG Gym"",""capacityPercentage"":32,""type"":""gym"",""isClosed"":false}",api_response
2026-08-20T14:00:47+00:00,2026-08-20T22:00:00+08:00,Clementi ActiveSG Gym,closed,,Closed,"{""id"":""EcBGtBDRSadwhso2WV0Tk"",""name"":""Clementi ActiveSG Gym"",""capacityPercentage"":0,""type"":""gym"",""isClosed"":true}",api_response
2026-08-20T14:09:43+00:00,2026-08-20T22:09:00+08:00,Clementi ActiveSG Gym,closed,,Closed,"{""id"":""EcBGtBDRSadwhso2WV0Tk"",""name"":""Clementi ActiveSG Gym"",""capacityPercentage"":0,""type"":""gym"",""isClosed"":true}",api_response
2026-08-20T14:22:24+00:00,2026-08-20T22:22:00+08:00,Clementi ActiveSG Gym,closed,,Closed,"{""id"":""EcBGtBDRSadwhso2WV0Tk"",""name"":""Clementi ActiveSG Gym"",""capacityPercentage"":0,""type"":""gym"",""isClosed"":true}",api_response
2026-08-20T14:55:59+00:00,2026-08-20T22:55:00+08:00,Clementi ActiveSG Gym,closed,,Closed,"{""id"":""EcBGtBDRSadwhso2WV0Tk"",""name"":""Clementi ActiveSG Gym"",""capacityPercentage"":0,""type"":""gym"",""isClosed"":true}",api_response
2026-08-20T15:06:23+00:00,2026-08-20T23:06:00+08:00,Clementi ActiveSG Gym,closed,,Closed,"{""id"":""EcBGtBDRSadwhso2WV0Tk"",""name"":""Clementi ActiveSG Gym"",""capacityPercentage"":0,""type"":""gym"",""isClosed"":true}",api_response
2026-08-20T15:20:33+00:00,2026-08-20T23:20:00+08:00,Clementi ActiveSG Gym,closed,,Closed,"{""id"":""EcBGtBDRSadwhso2WV0Tk"",""name"":""Clementi ActiveSG Gym"",""capacityPercentage"":0,""type"":""gym"",""isClosed"":true}",api_response
2026-08-20T23:41:58+00:00,2026-08-21T07:41:00+08:00,Clementi ActiveSG Gym,open,55,55% full,"{""id"":""EcBGtBDRSadwhso2WV0Tk"",""name"":""Clementi ActiveSG Gym"",""capacityPercentage"":55,""type"":""gym"",""isClosed"":false}",api_response
2026-08-20T23:51:46+00:00,2026-08-21T07:51:00+08:00,Clementi ActiveSG Gym,open,59,59% full,"{""id"":""EcBGtBDRSadwhso2WV0Tk"",""name"":""Clementi ActiveSG Gym"",""capacityPercentage"":59,""type"":""gym"",""isClosed"":false}",api_response
2026-08-21T00:27:00+00:00,2026-08-21T08:26:00+08:00,Clementi ActiveSG Gym,open,48,48% full,"{""id"":""EcBGtBDRSadwhso2WV0Tk"",""name"":""Clementi ActiveSG Gym"",""capacityPercentage"":48,""type"":""gym"",""isClosed"":false}",api_response
2026-08-21T01:58:30+00:00,2026-08-21T09:58:00+08:00,Clementi ActiveSG Gym,open,55,55% full,"{""id"":""EcBGtBDRSadwhso2WV0Tk"",""name"":""Clementi ActiveSG Gym"",""capacityPercentage"":55,""type"":""gym"",""isClosed"":false}",api_response
2026-08-21T02:08:45+00:00,2026-08-21T10:08:00+08:00,Clementi ActiveSG Gym,open,63,63% full,"{""id"":""EcBGtBDRSadwhso2WV0Tk"",""name"":""Clementi ActiveSG Gym"",""capacityPercentage"":63,""type"":""gym"",""isClosed"":false}",api_response
2026-08-21T02:14:51+00:00,2026-08-21T10:14:00+08:00,Clementi ActiveSG Gym,open,71,71% full,"{""id"":""EcBGtBDRSadwhso2WV0Tk"",""name"":""Clementi ActiveSG Gym"",""capacityPercentage"":71,""type"":""gym"",""isClosed"":false}",api_response
2026-08-21T03:17:19+00:00,2026-08-21T11:17:00+08:00,Clementi ActiveSG Gym,open,77,77% full,"{""id"":""EcBGtBDRSadwhso2WV0Tk"",""name"":""Clementi ActiveSG Gym"",""capacityPercentage"":77,""type"":""gym"",""isClosed"":false}",api_response
2026-08-21T03:30:31+00:00,2026-08-21T11:30:00+08:00,Clementi ActiveSG Gym,open,76,76% full,"{""id"":""EcBGtBDRSadwhso2WV0Tk"",""name"":""Clementi ActiveSG Gym"",""capacityPercentage"":76,""type"":""gym"",""isClosed"":false}",api_response
2026-08-21T03:38:09+00:00,2026-08-21T11:38:00+08:00,Clementi ActiveSG Gym,open,78,78% full,"{""id"":""EcBGtBDRSadwhso2WV0Tk"",""name"":""Clementi ActiveSG Gym"",""capacityPercentage"":78,""type"":""gym"",""isClosed"":false}",api_response
2026-08-21T04:05:41+00:00,2026-08-21T12:05:00+08:00,Clementi ActiveSG Gym,open,74,74% full,"{""id"":""EcBGtBDRSadwhso2WV0Tk"",""name"":""Clementi ActiveSG Gym"",""capacityPercentage"":74,""type"":""gym"",""isClosed"":false}",api_response
2026-08-21T04:10:57+00:00,2026-08-21T12:10:00+08:00,Clementi ActiveSG Gym,open,74,74% full,"{""id"":""EcBGtBDRSadwhso2WV0Tk"",""name"":""Clementi ActiveSG Gym"",""capacityPercentage"":74,""type"":""gym"",""isClosed"":false}",api_response
2026-08-21T04:25:14+00:00,2026-08-21T12:25:00+08:00,Clementi ActiveSG Gym,open,74,74% full,"{""id"":""EcBGtBDRSadwhso2WV0Tk"",""name"":""Clementi ActiveSG Gym"",""capacityPercentage"":74,""type"":""gym"",""isClosed"":false}",api_response
2026-08-21T04:55:35+00:00,2026-08-21T12:55:00+08:00,Clementi ActiveSG Gym,open,67,67% full,"{""id"":""EcBGtBDRSadwhso2WV0Tk"",""name"":""Clementi ActiveSG Gym"",""capacityPercentage"":67,""type"":""gym"",""isClosed"":false}",api_response
2026-08-21T05:06:09+00:00,2026-08-21T13:06:00+08:00,Clementi ActiveSG Gym,open,67,67% full,"{""id"":""EcBGtBDRSadwhso2WV0Tk"",""name"":""Clementi ActiveSG Gym"",""capacityPercentage"":67,""type"":""gym"",""isClosed"":false}",api_response
2026-08-21T05:20:02+00:00,2026-08-21T13:20:00+08:00,Clementi ActiveSG Gym,open,62,62% full,"{""id"":""EcBGtBDRSadwhso2WV0Tk"",""name"":""Clementi ActiveSG Gym"",""capacityPercentage"":62,""type"":""gym"",""isClosed"":false}",api_response
2026-08-21T05:49:12+00:00,2026-08-21T13:49:00+08:00,Clementi ActiveSG Gym,open,56,56% full,"{""id"":""EcBGtBDRSadwhso2WV0Tk"",""name"":""Clementi ActiveSG Gym"",""capacityPercentage"":56,""type"":""gym"",""isClosed"":false}",api_response
2026-08-21T05:59:50+00:00,2026-08-21T13:59:00+08:00,Clementi ActiveSG Gym,open,52,52% full,"{""id"":""EcBGtBDRSadwhso2WV0Tk"",""name"":""Clementi ActiveSG Gym"",""capacityPercentage"":52,""type"":""gym"",""isClosed"":false}",api_response
2026-08-21T06:20:37+00:00,2026-08-21T14:20:00+08:00,Clementi ActiveSG Gym,open,42,42% full,"{""id"":""EcBGtBDRSadwhso2WV0Tk"",""name"":""Clementi ActiveSG Gym"",""capacityPercentage"":42,""type"":""gym"",""isClosed"":false}",api_response
2026-08-21T07:08:48+00:00,2026-08-21T15:08:00+08:00,Clementi ActiveSG Gym,open,67,67% full,"{""id"":""EcBGtBDRSadwhso2WV0Tk"",""name"":""Clementi ActiveSG Gym"",""capacityPercentage"":67,""type"":""gym"",""isClosed"":false}",api_response
2026-08-21T07:24:56+00:00,2026-08-21T15:24:00+08:00,Clementi ActiveSG Gym,open,63,63% full,"{""id"":""EcBGtBDRSadwhso2WV0Tk"",""name"":""Clementi ActiveSG Gym"",""capacityPercentage"":63,""type"":""gym"",""isClosed"":false}",api_response
2026-08-21T07:31:58+00:00,2026-08-21T15:31:00+08:00,Clementi ActiveSG Gym,open,62,62% full,"{""id"":""EcBGtBDRSadwhso2WV0Tk"",""name"":""Clementi ActiveSG Gym"",""capacityPercentage"":62,""type"":""gym"",""isClosed"":false}",api_response
2026-08-21T07:58:31+00:00,2026-08-21T15:58:00+08:00,Clementi ActiveSG Gym,open,67,67% full,"{""id"":""EcBGtBDRSadwhso2WV0Tk"",""name"":""Clementi ActiveSG Gym"",""capacityPercentage"":67,""type"":""gym"",""isClosed"":false}",api_response
2026-08-21T08:07:06+00:00,2026-08-21T16:07:00+08:00,Clementi ActiveSG Gym,open,69,69% full,"{""id"":""EcBGtBDRSadwhso2WV0Tk"",""name"":""Clementi ActiveSG Gym"",""capacityPercentage"":69,""type"":""gym"",""isClosed"":false}",api_response
2026-08-21T08:21:52+00:00,2026-08-21T16:21:00+08:00,Clementi ActiveSG Gym,open,69,69% full,"{""id"":""EcBGtBDRSadwhso2WV0Tk"",""name"":""Clementi ActiveSG Gym"",""capacityPercentage"":69,""type"":""gym"",""isClosed"":false}",api_response
2026-08-21T08:59:09+00:00,2026-08-21T16:59:00+08:00,Clementi ActiveSG Gym,open,73,73% full,"{""id"":""EcBGtBDRSadwhso2WV0Tk"",""name"":""Clementi ActiveSG Gym"",""capacityPercentage"":73,""type"":""gym"",""isClosed"":false}",api_response
2026-08-21T09:09:06+00:00,2026-08-21T17:09:00+08:00,Clementi ActiveSG Gym,open,76,76% full,"{""id"":""EcBGtBDRSadwhso2WV0Tk"",""name"":""Clementi ActiveSG Gym"",""capacityPercentage"":76,""type"":""gym"",""isClosed"":false}",api_response
2026-08-21T09:22:17+00:00,2026-08-21T17:22:00+08:00,Clementi ActiveSG Gym,open,88,88% full,"{""id"":""EcBGtBDRSadwhso2WV0Tk"",""name"":""Clementi ActiveSG Gym"",""capacityPercentage"":88,""type"":""gym"",""isClosed"":false}",api_response
2026-08-21T09:53:08+00:00,2026-08-21T17:53:00+08:00,Clementi ActiveSG Gym,open,85,85% full,"{""id"":""EcBGtBDRSadwhso2WV0Tk"",""name"":""Clementi ActiveSG Gym"",""capacityPercentage"":85,""type"":""gym"",""isClosed"":false}",api_response
2026-08-21T10:03:10+00:00,2026-08-21T18:03:00+08:00,Clementi ActiveSG Gym,open,79,79% full,"{""id"":""EcBGtBDRSadwhso2WV0Tk"",""name"":""Clementi ActiveSG Gym"",""capacityPercentage"":79,""type"":""gym"",""isClosed"":false}",api_response
2026-08-21T10:15:41+00:00,2026-08-21T18:15:00+08:00,Clementi ActiveSG Gym,open,74,74% full,"{""id"":""EcBGtBDRSadwhso2WV0Tk"",""name"":""Clementi ActiveSG Gym"",""capacityPercentage"":74,""type"":""gym"",""isClosed"":false}",api_response
2026-08-21T10:48:48+00:00,2026-08-21T18:48:00+08:00,Clementi ActiveSG Gym,open,72,72% full,"{""id"":""EcBGtBDRSadwhso2WV0Tk"",""name"":""Clementi ActiveSG Gym"",""capacityPercentage"":72,""type"":""gym"",""isClosed"":false}",api_response
2026-08-21T10:58:52+00:00,2026-08-21T18:58:00+08:00,Clementi ActiveSG Gym,open,78,78% full,"{""id"":""EcBGtBDRSadwhso2WV0Tk"",""name"":""Clementi ActiveSG Gym"",""capacityPercentage"":78,""type"":""gym"",""isClosed"":false}",api_response
2026-08-21T11:13:39+00:00,2026-08-21T19:13:00+08:00,Clementi ActiveSG Gym,open,65,65% full,"{""id"":""EcBGtBDRSadwhso2WV0Tk"",""name"":""Clementi ActiveSG Gym"",""capacityPercentage"":65,""type"":""gym"",""isClosed"":false}",api_response
2026-08-21T11:43:44+00:00,2026-08-21T19:43:00+08:00,Clementi ActiveSG Gym,open,67,67% full,"{""id"":""EcBGtBDRSadwhso2WV0Tk"",""name"":""Clementi ActiveSG Gym"",""capacityPercentage"":67,""type"":""gym"",""isClosed"":false}",api_response
2026-08-21T11:54:40+00:00,2026-08-21T19:54:00+08:00,Clementi ActiveSG Gym,open,55,55% full,"{""id"":""EcBGtBDRSadwhso2WV0Tk"",""name"":""Clementi ActiveSG Gym"",""capacityPercentage"":55,""type"":""gym"",""isClosed"":false}",api_response
2026-08-21T12:17:55+00:00,2026-08-21T20:17:00+08:00,Clementi ActiveSG Gym,open,63,63% full,"{""id"":""EcBGtBDRSadwhso2WV0Tk"",""name"":""Clementi ActiveSG Gym"",""capacityPercentage"":63,""type"":""gym"",""isClosed"":false}",api_response
2026-08-21T13:12:01+00:00,2026-08-21T21:12:00+08:00,Clementi ActiveSG Gym,open,46,46% full,"{""id"":""EcBGtBDRSadwhso2WV0Tk"",""name"":""Clementi ActiveSG Gym"",""capacityPercentage"":46,""type"":""gym"",""isClosed"":false}",api_response
2026-08-21T13:27:25+00:00,2026-08-21T21:27:00+08:00,Clementi ActiveSG Gym,open,40,40% full,"{""id"":""EcBGtBDRSadwhso2WV0Tk"",""name"":""Clementi ActiveSG Gym"",""capacityPercentage"":40,""type"":""gym"",""isClosed"":false}",api_response
2026-08-21T13:35:04+00:00,2026-08-21T21:35:00+08:00,Clementi ActiveSG Gym,open,31,31% full,"{""id"":""EcBGtBDRSadwhso2WV0Tk"",""name"":""Clementi ActiveSG Gym"",""capacityPercentage"":31,""type"":""gym"",""isClosed"":false}",api_response
2026-08-21T13:59:02+00:00,2026-08-21T21:59:00+08:00,Clementi ActiveSG Gym,open,0,0% full,"{""id"":""EcBGtBDRSadwhso2WV0Tk"",""name"":""Clementi ActiveSG Gym"",""capacityPercentage"":0,""type"":""gym"",""isClosed"":false}",api_response
2026-08-21T14:07:18+00:00,2026-08-21T22:07:00+08:00,Clementi ActiveSG Gym,closed,,Closed,"{""id"":""EcBGtBDRSadwhso2WV0Tk"",""name"":""Clementi ActiveSG Gym"",""capacityPercentage"":0,""type"":""gym"",""isClosed"":true}",api_response
2026-08-21T14:20:47+00:00,2026-08-21T22:20:00+08:00,Clementi ActiveSG Gym,closed,,Closed,"{""id"":""EcBGtBDRSadwhso2WV0Tk"",""name"":""Clementi ActiveSG Gym"",""capacityPercentage"":0,""type"":""gym"",""isClosed"":true}",api_response
2026-08-21T14:54:31+00:00,2026-08-21T22:54:00+08:00,Clementi ActiveSG Gym,closed,,Closed,"{""id"":""EcBGtBDRSadwhso2WV0Tk"",""name"":""Clementi ActiveSG Gym"",""capacityPercentage"":0,""type"":""gym"",""isClosed"":true}",api_response
2026-08-21T15:05:08+00:00,2026-08-21T23:05:00+08:00,Clementi ActiveSG Gym,closed,,Closed,"{""id"":""EcBGtBDRSadwhso2WV0Tk"",""name"":""Clementi ActiveSG Gym"",""capacityPercentage"":0,""type"":""gym"",""isClosed"":true}",api_response
2026-08-21T15:18:45+00:00,2026-08-21T23:18:00+08:00,Clementi ActiveSG Gym,closed,,Closed,"{""id"":""EcBGtBDRSadwhso2WV0Tk"",""name"":""Clementi ActiveSG Gym"",""capacityPercentage"":0,""type"":""gym"",""isClosed"":true}",api_response
2026-08-21T23:40:31+00:00,2026-08-22T07:40:00+08:00,Clementi ActiveSG Gym,open,38,38% full,"{""id"":""EcBGtBDRSadwhso2WV0Tk"",""name"":""Clementi ActiveSG Gym"",""capacityPercentage"":38,""type"":""gym"",""isClosed"":false}",api_response
2026-08-21T23:50:34+00:00,2026-08-22T07:50:00+08:00,Clementi ActiveSG Gym,open,38,38% full,"{""id"":""EcBGtBDRSadwhso2WV0Tk"",""name"":""Clementi ActiveSG Gym"",""capacityPercentage"":38,""type"":""gym"",""isClosed"":false}",api_response
2026-08-22T00:24:42+00:00,2026-08-22T08:24:00+08:00,Clementi ActiveSG Gym,open,42,42% full,"{""id"":""EcBGtBDRSadwhso2WV0Tk"",""name"":""Clementi ActiveSG Gym"",""capacityPercentage"":42,""type"":""gym"",""isClosed"":false}",api_response
2026-08-22T01:51:16+00:00,2026-08-22T09:51:00+08:00,Clementi ActiveSG Gym,open,58,58% full,"{""id"":""EcBGtBDRSadwhso2WV0Tk"",""name"":""Clementi ActiveSG Gym"",""capacityPercentage"":58,""type"":""gym"",""isClosed"":false}",api_response
2026-08-22T01:59:32+00:00,2026-08-22T09:59:00+08:00,Clementi ActiveSG Gym,open,55,55% full,"{""id"":""EcBGtBDRSadwhso2WV0Tk"",""name"":""Clementi ActiveSG Gym"",""capacityPercentage"":55,""type"":""gym"",""isClosed"":false}",api_response
2026-08-22T02:06:31+00:00,2026-08-22T10:06:00+08:00,Clementi ActiveSG Gym,open,51,51% full,"{""id"":""EcBGtBDRSadwhso2WV0Tk"",""name"":""Clementi ActiveSG Gym"",""capacityPercentage"":51,""type"":""gym"",""isClosed"":false}",api_response
2026-08-22T03:08:28+00:00,2026-08-22T11:08:00+08:00,Clementi ActiveSG Gym,open,63,63% full,"{""id"":""EcBGtBDRSadwhso2WV0Tk"",""name"":""Clementi ActiveSG Gym"",""capacityPercentage"":63,""type"":""gym"",""isClosed"":false}",api_response
2026-08-22T03:21:46+00:00,2026-08-22T11:21:00+08:00,Clementi ActiveSG Gym,open,76,76% full,"{""id"":""EcBGtBDRSadwhso2WV0Tk"",""name"":""Clementi ActiveSG Gym"",""capacityPercentage"":76,""type"":""gym"",""isClosed"":false}",api_response
2026-08-22T03:30:04+00:00,2026-08-22T11:30:00+08:00,Clementi ActiveSG Gym,open,68,68% full,"{""id"":""EcBGtBDRSadwhso2WV0Tk"",""name"":""Clementi ActiveSG Gym"",""capacityPercentage"":68,""type"":""gym"",""isClosed"":false}",api_response
2026-08-22T03:57:23+00:00,2026-08-22T11:57:00+08:00,Clementi ActiveSG Gym,open,78,78% full,"{""id"":""EcBGtBDRSadwhso2WV0Tk"",""name"":""Clementi ActiveSG Gym"",""capacityPercentage"":78,""type"":""gym"",""isClosed"":false}",api_response
2026-08-22T04:08:04+00:00,2026-08-22T12:08:00+08:00,Clementi ActiveSG Gym,open,82,82% full,"{""id"":""EcBGtBDRSadwhso2WV0Tk"",""name"":""Clementi ActiveSG Gym"",""capacityPercentage"":82,""type"":""gym"",""isClosed"":false}",api_response
2026-08-22T04:18:40+00:00,2026-08-22T12:18:00+08:00,Clementi ActiveSG Gym,open,81,81% full,"{""id"":""EcBGtBDRSadwhso2WV0Tk"",""name"":""Clementi ActiveSG Gym"",""capacityPercentage"":81,""type"":""gym"",""isClosed"":false}",api_response
2026-08-22T04:51:16+00:00,2026-08-22T12:51:00+08:00,Clementi ActiveSG Gym,open,68,68% full,"{""id"":""EcBGtBDRSadwhso2WV0Tk"",""name"":""Clementi ActiveSG Gym"",""capacityPercentage"":68,""type"":""gym"",""isClosed"":false}",api_response
2026-08-22T05:00:57+00:00,2026-08-22T13:00:00+08:00,Clementi ActiveSG Gym,open,71,71% full,"{""id"":""EcBGtBDRSadwhso2WV0Tk"",""name"":""Clementi ActiveSG Gym"",""capacityPercentage"":71,""type"":""gym"",""isClosed"":false}",api_response
2026-08-22T05:14:27+00:00,2026-08-22T13:14:00+08:00,Clementi ActiveSG Gym,open,71,71% full,"{""id"":""EcBGtBDRSadwhso2WV0Tk"",""name"":""Clementi ActiveSG Gym"",""capacityPercentage"":71,""type"":""gym"",""isClosed"":false}",api_response
2026-08-22T05:43:49+00:00,2026-08-22T13:43:00+08:00,Clementi ActiveSG Gym,open,60,60% full,"{""id"":""EcBGtBDRSadwhso2WV0Tk"",""name"":""Clementi ActiveSG Gym"",""capacityPercentage"":60,""type"":""gym"",""isClosed"":false}",api_response
2026-08-22T05:55:02+00:00,2026-08-22T13:55:00+08:00,Clementi ActiveSG Gym,open,62,62% full,"{""id"":""EcBGtBDRSadwhso2WV0Tk"",""name"":""Clementi ActiveSG Gym"",""capacityPercentage"":62,""type"":""gym"",""isClosed"":false}",api_response
2026-08-22T06:16:10+00:00,2026-08-22T14:16:00+08:00,Clementi ActiveSG Gym,open,34,34% full,"{""id"":""EcBGtBDRSadwhso2WV0Tk"",""name"":""Clementi ActiveSG Gym"",""capacityPercentage"":34,""type"":""gym"",""isClosed"":false}",api_response
2026-08-22T07:00:20+00:00,2026-08-22T15:00:00+08:00,Clementi ActiveSG Gym,open,55,55% full,"{""id"":""EcBGtBDRSadwhso2WV0Tk"",""name"":""Clementi ActiveSG Gym"",""capacityPercentage"":55,""type"":""gym"",""isClosed"":false}",api_response
2026-08-22T07:11:04+00:00,2026-08-22T15:11:00+08:00,Clementi ActiveSG Gym,open,56,56% full,"{""id"":""EcBGtBDRSadwhso2WV0Tk"",""name"":""Clementi ActiveSG Gym"",""capacityPercentage"":56,""type"":""gym"",""isClosed"":false}",api_response
2026-08-22T07:20:47+00:00,2026-08-22T15:20:00+08:00,Clementi ActiveSG Gym,open,65,65% full,"{""id"":""EcBGtBDRSadwhso2WV0Tk"",""name"":""Clementi ActiveSG Gym"",""capacityPercentage"":65,""type"":""gym"",""isClosed"":false}",api_response
2026-08-22T07:47:03+00:00,2026-08-22T15:47:00+08:00,Clementi ActiveSG Gym,open,74,74% full,"{""id"":""EcBGtBDRSadwhso2WV0Tk"",""name"":""Clementi ActiveSG Gym"",""capacityPercentage"":74,""type"":""gym"",""isClosed"":false}",api_response
2026-08-22T07:56:21+00:00,2026-08-22T15:56:00+08:00,Clementi ActiveSG Gym,open,74,74% full,"{""id"":""EcBGtBDRSadwhso2WV0Tk"",""name"":""Clementi ActiveSG Gym"",""capacityPercentage"":74,""type"":""gym"",""isClosed"":false}",api_response
2026-08-22T08:13:00+00:00,2026-08-22T16:12:00+08:00,Clementi ActiveSG Gym,open,69,69% full,"{""id"":""EcBGtBDRSadwhso2WV0Tk"",""name"":""Clementi ActiveSG Gym"",""capacityPercentage"":69,""type"":""gym"",""isClosed"":false}",api_response
2026-08-22T08:49:07+00:00,2026-08-22T16:49:00+08:00,Clementi ActiveSG Gym,open,80,80% full,"{""id"":""EcBGtBDRSadwhso2WV0Tk"",""name"":""Clementi ActiveSG Gym"",""capacityPercentage"":80,""type"":""gym"",""isClosed"":false}",api_response
2026-08-22T08:58:46+00:00,2026-08-22T16:58:00+08:00,Clementi ActiveSG Gym,open,84,84% full,"{""id"":""EcBGtBDRSadwhso2WV0Tk"",""name"":""Clementi ActiveSG Gym"",""capacityPercentage"":84,""type"":""gym"",""isClosed"":false}",api_response
2026-08-22T09:14:25+00:00,2026-08-22T17:14:00+08:00,Clementi ActiveSG Gym,open,88,88% full,"{""id"":""EcBGtBDRSadwhso2WV0Tk"",""name"":""Clementi ActiveSG Gym"",""capacityPercentage"":88,""type"":""gym"",""isClosed"":false}",api_response
2026-08-22T09:44:03+00:00,2026-08-22T17:44:00+08:00,Clementi ActiveSG Gym,open,84,84% full,"{""id"":""EcBGtBDRSadwhso2WV0Tk"",""name"":""Clementi ActiveSG Gym"",""capacityPercentage"":84,""type"":""gym"",""isClosed"":false}",api_response
2026-08-22T09:52:47+00:00,2026-08-22T17:52:00+08:00,Clementi ActiveSG Gym,open,76,76% full,"{""id"":""EcBGtBDRSadwhso2WV0Tk"",""name"":""Clementi ActiveSG Gym"",""capacityPercentage"":76,""type"":""gym"",""isClosed"":false}",api_response
2026-08-22T10:09:20+00:00,2026-08-22T18:09:00+08:00,Clementi ActiveSG Gym,open,68,68% full,"{""id"":""EcBGtBDRSadwhso2WV0Tk"",""name"":""Clementi ActiveSG Gym"",""capacityPercentage"":68,""type"":""gym"",""isClosed"":false}",api_response
2026-08-22T10:51:35+00:00,2026-08-22T18:51:00+08:00,Clementi ActiveSG Gym,open,69,69% full,"{""id"":""EcBGtBDRSadwhso2WV0Tk"",""name"":""Clementi ActiveSG Gym"",""capacityPercentage"":69,""type"":""gym"",""isClosed"":false}",api_response
2026-08-22T11:08:27+00:00,2026-08-22T19:08:00+08:00,Clementi ActiveSG Gym,open,57,57% full,"{""id"":""EcBGtBDRSadwhso2WV0Tk"",""name"":""Clementi ActiveSG Gym"",""capacityPercentage"":57,""type"":""gym"",""isClosed"":false}",api_response
2026-08-22T11:36:05+00:00,2026-08-22T19:36:00+08:00,Clementi ActiveSG Gym,open,47,47% full,"{""id"":""EcBGtBDRSadwhso2WV0Tk"",""name"":""Clementi ActiveSG Gym"",""capacityPercentage"":47,""type"":""gym"",""isClosed"":false}",api_response
2026-08-22T11:48:38+00:00,2026-08-22T19:48:00+08:00,Clementi ActiveSG Gym,open,54,54% full,"{""id"":""EcBGtBDRSadwhso2WV0Tk"",""name"":""Clementi ActiveSG Gym"",""capacityPercentage"":54,""type"":""gym"",""isClosed"":false}",api_response
2026-08-22T12:11:00+00:00,2026-08-22T20:10:00+08:00,Clementi ActiveSG Gym,open,45,45% full,"{""id"":""EcBGtBDRSadwhso2WV0Tk"",""name"":""Clementi ActiveSG Gym"",""capacityPercentage"":45,""type"":""gym"",""isClosed"":false}",api_response
2026-08-22T13:02:05+00:00,2026-08-22T21:02:00+08:00,Clementi ActiveSG Gym,open,40,40% full,"{""id"":""EcBGtBDRSadwhso2WV0Tk"",""name"":""Clementi ActiveSG Gym"",""capacityPercentage"":40,""type"":""gym"",""isClosed"":false}",api_response
2026-08-22T13:10:28+00:00,2026-08-22T21:10:00+08:00,Clementi ActiveSG Gym,open,44,44% full,"{""id"":""EcBGtBDRSadwhso2WV0Tk"",""name"":""Clementi ActiveSG Gym"",""capacityPercentage"":44,""type"":""gym"",""isClosed"":false}",api_response
2026-08-22T13:21:53+00:00,2026-08-22T21:21:00+08:00,Clementi ActiveSG Gym,open,42,42% full,"{""id"":""EcBGtBDRSadwhso2WV0Tk"",""name"":""Clementi ActiveSG Gym"",""capacityPercentage"":42,""type"":""gym"",""isClosed"":false}",api_response
2026-08-22T13:45:27+00:00,2026-08-22T21:45:00+08:00,Clementi ActiveSG Gym,open,0,0% full,"{""id"":""EcBGtBDRSadwhso2WV0Tk"",""name"":""Clementi ActiveSG Gym"",""capacityPercentage"":0,""type"":""gym"",""isClosed"":false}",api_response
2026-08-22T13:53:55+00:00,2026-08-22T21:53:00+08:00,Clementi ActiveSG Gym,open,0,0% full,"{""id"":""EcBGtBDRSadwhso2WV0Tk"",""name"":""Clementi ActiveSG Gym"",""capacityPercentage"":0,""type"":""gym"",""isClosed"":false}",api_response
2026-08-22T14:08:11+00:00,2026-08-22T22:08:00+08:00,Clementi ActiveSG Gym,closed,,Closed,"{""id"":""EcBGtBDRSadwhso2WV0Tk"",""name"":""Clementi ActiveSG Gym"",""capacityPercentage"":0,""type"":""gym"",""isClosed"":true}",api_response
2026-08-22T14:39:46+00:00,2026-08-22T22:39:00+08:00,Clementi ActiveSG Gym,closed,,Closed,"{""id"":""EcBGtBDRSadwhso2WV0Tk"",""name"":""Clementi ActiveSG Gym"",""capacityPercentage"":0,""type"":""gym"",""isClosed"":true}",api_response
2026-08-22T14:50:33+00:00,2026-08-22T22:50:00+08:00,Clementi ActiveSG Gym,closed,,Closed,"{""id"":""EcBGtBDRSadwhso2WV0Tk"",""name"":""Clementi ActiveSG Gym"",""capacityPercentage"":0,""type"":""gym"",""isClosed"":true}",api_response
2026-08-22T15:05:26+00:00,2026-08-22T23:05:00+08:00,Clementi ActiveSG Gym,closed,,Closed,"{""id"":""EcBGtBDRSadwhso2WV0Tk"",""name"":""Clementi ActiveSG Gym"",""capacityPercentage"":0,""type"":""gym"",""isClosed"":true}",api_response
2026-08-22T23:36:02+00:00,2026-08-23T07:36:00+08:00,Clementi ActiveSG Gym,open,20,20% full,"{""id"":""EcBGtBDRSadwhso2WV0Tk"",""name"":""Clementi ActiveSG Gym"",""capacityPercentage"":20,""type"":""gym"",""isClosed"":false}",api_response
2026-08-22T23:48:24+00:00,2026-08-23T07:48:00+08:00,Clementi ActiveSG Gym,open,18,18% full,"{""id"":""EcBGtBDRSadwhso2WV0Tk"",""name"":""Clementi ActiveSG Gym"",""capacityPercentage"":18,""type"":""gym"",""isClosed"":false}",api_response
2026-08-23T00:25:52+00:00,2026-08-23T08:25:00+08:00,Clementi ActiveSG Gym,open,28,28% full,"{""id"":""EcBGtBDRSadwhso2WV0Tk"",""name"":""Clementi ActiveSG Gym"",""capacityPercentage"":28,""type"":""gym"",""isClosed"":false}",api_response
2026-08-23T02:00:32+00:00,2026-08-23T10:00:00+08:00,Clementi ActiveSG Gym,open,53,53% full,"{""id"":""EcBGtBDRSadwhso2WV0Tk"",""name"":""Clementi ActiveSG Gym"",""capacityPercentage"":53,""type"":""gym"",""isClosed"":false}",api_response
2026-08-23T02:10:06+00:00,2026-08-23T10:10:00+08:00,Clementi ActiveSG Gym,open,55,55% full,"{""id"":""EcBGtBDRSadwhso2WV0Tk"",""name"":""Clementi ActiveSG Gym"",""capacityPercentage"":55,""type"":""gym"",""isClosed"":false}",api_response
2026-08-23T02:15:42+00:00,2026-08-23T10:15:00+08:00,Clementi ActiveSG Gym,open,57,57% full,"{""id"":""EcBGtBDRSadwhso2WV0Tk"",""name"":""Clementi ActiveSG Gym"",""capacityPercentage"":57,""type"":""gym"",""isClosed"":false}",api_response
2026-08-23T03:16:26+00:00,2026-08-23T11:16:00+08:00,Clementi ActiveSG Gym,open,61,61% full,"{""id"":""EcBGtBDRSadwhso2WV0Tk"",""name"":""Clementi ActiveSG Gym"",""capacityPercentage"":61,""type"":""gym"",""isClosed"":false}",api_response
2026-08-23T03:29:58+00:00,2026-08-23T11:29:00+08:00,Clementi ActiveSG Gym,open,66,66% full,"{""id"":""EcBGtBDRSadwhso2WV0Tk"",""name"":""Clementi ActiveSG Gym"",""capacityPercentage"":66,""type"":""gym"",""isClosed"":false}",api_response
2026-08-23T03:38:11+00:00,2026-08-23T11:38:00+08:00,Clementi ActiveSG Gym,open,63,63% full,"{""id"":""EcBGtBDRSadwhso2WV0Tk"",""name"":""Clementi ActiveSG Gym"",""capacityPercentage"":63,""type"":""gym"",""isClosed"":false}",api_response
2026-08-23T04:05:06+00:00,2026-08-23T12:05:00+08:00,Clementi ActiveSG Gym,open,44,44% full,"{""id"":""EcBGtBDRSadwhso2WV0Tk"",""name"":""Clementi ActiveSG Gym"",""capacityPercentage"":44,""type"":""gym"",""isClosed"":false}",api_response
2026-08-23T04:10:32+00:00,2026-08-23T12:10:00+08:00,Clementi ActiveSG Gym,open,45,45% full,"{""id"":""EcBGtBDRSadwhso2WV0Tk"",""name"":""Clementi ActiveSG Gym"",""capacityPercentage"":45,""type"":""gym"",""isClosed"":false}",api_response
2026-08-23T04:24:01+00:00,2026-08-23T12:24:00+08:00,Clementi ActiveSG Gym,open,51,51% full,"{""id"":""EcBGtBDRSadwhso2WV0Tk"",""name"":""Clementi ActiveSG Gym"",""capacityPercentage"":51,""type"":""gym"",""isClosed"":false}",api_response
2026-08-23T04:53:01+00:00,2026-08-23T12:53:00+08:00,Clementi ActiveSG Gym,open,53,53% full,"{""id"":""EcBGtBDRSadwhso2WV0Tk"",""name"":""Clementi ActiveSG Gym"",""capacityPercentage"":53,""type"":""gym"",""isClosed"":false}",api_response
2026-08-23T05:03:42+00:00,2026-08-23T13:03:00+08:00,Clementi ActiveSG Gym,open,54,54% full,"{""id"":""EcBGtBDRSadwhso2WV0Tk"",""name"":""Clementi ActiveSG Gym"",""capacityPercentage"":54,""type"":""gym"",""isClosed"":false}",api_response
2026-08-23T05:16:58+00:00,2026-08-23T13:16:00+08:00,Clementi ActiveSG Gym,open,55,55% full,"{""id"":""EcBGtBDRSadwhso2WV0Tk"",""name"":""Clementi ActiveSG Gym"",""capacityPercentage"":55,""type"":""gym"",""isClosed"":false}",api_response
2026-08-23T05:46:44+00:00,2026-08-23T13:46:00+08:00,Clementi ActiveSG Gym,open,52,52% full,"{""id"":""EcBGtBDRSadwhso2WV0Tk"",""name"":""Clementi ActiveSG Gym"",""capacityPercentage"":52,""type"":""gym"",""isClosed"":false}",api_response
2026-08-23T05:56:52+00:00,2026-08-23T13:56:00+08:00,Clementi ActiveSG Gym,open,45,45% full,"{""id"":""EcBGtBDRSadwhso2WV0Tk"",""name"":""Clementi ActiveSG Gym"",""capacityPercentage"":45,""type"":""gym"",""isClosed"":false}",api_response
2026-08-23T06:17:33+00:00,2026-08-23T14:17:00+08:00,Clementi ActiveSG Gym,open,48,48% full,"{""id"":""EcBGtBDRSadwhso2WV0Tk"",""name"":""Clementi ActiveSG Gym"",""capacityPercentage"":48,""type"":""gym"",""isClosed"":false}",api_response
2026-08-23T07:02:16+00:00,2026-08-23T15:02:00+08:00,Clementi ActiveSG Gym,open,60,60% full,"{""id"":""EcBGtBDRSadwhso2WV0Tk"",""name"":""Clementi ActiveSG Gym"",""capacityPercentage"":60,""type"":""gym"",""isClosed"":false}",api_response
2026-08-23T07:11:57+00:00,2026-08-23T15:11:00+08:00,Clementi ActiveSG Gym,open,61,61% full,"{""id"":""EcBGtBDRSadwhso2WV0Tk"",""name"":""Clementi ActiveSG Gym"",""capacityPercentage"":61,""type"":""gym"",""isClosed"":false}",api_response
2026-08-23T07:22:42+00:00,2026-08-23T15:22:00+08:00,Clementi ActiveSG Gym,open,66,66% full,"{""id"":""EcBGtBDRSadwhso2WV0Tk"",""name"":""Clementi ActiveSG Gym"",""capacityPercentage"":66,""type"":""gym"",""isClosed"":false}",api_response
2026-08-23T07:48:09+00:00,2026-08-23T15:48:00+08:00,Clementi ActiveSG Gym,open,72,72% full,"{""id"":""EcBGtBDRSadwhso2WV0Tk"",""name"":""Clementi ActiveSG Gym"",""capacityPercentage"":72,""type"":""gym"",""isClosed"":false}",api_response
2026-08-23T07:57:28+00:00,2026-08-23T15:57:00+08:00,Clementi ActiveSG Gym,open,77,77% full,"{""id"":""EcBGtBDRSadwhso2WV0Tk"",""name"":""Clementi ActiveSG Gym"",""capacityPercentage"":77,""type"":""gym"",""isClosed"":false}",api_response
2026-08-23T08:13:35+00:00,2026-08-23T16:13:00+08:00,Clementi ActiveSG Gym,open,82,82% full,"{""id"":""EcBGtBDRSadwhso2WV0Tk"",""name"":""Clementi ActiveSG Gym"",""capacityPercentage"":82,""type"":""gym"",""isClosed"":false}",api_response
2026-08-23T08:49:37+00:00,2026-08-23T16:49:00+08:00,Clementi ActiveSG Gym,open,77,77% full,"{""id"":""EcBGtBDRSadwhso2WV0Tk"",""name"":""Clementi ActiveSG Gym"",""capacityPercentage"":77,""type"":""gym"",""isClosed"":false}",api_response
2026-08-23T08:59:32+00:00,2026-08-23T16:59:00+08:00,Clementi ActiveSG Gym,open,77,77% full,"{""id"":""EcBGtBDRSadwhso2WV0Tk"",""name"":""Clementi ActiveSG Gym"",""capacityPercentage"":77,""type"":""gym"",""isClosed"":false}",api_response
2026-08-23T09:13:57+00:00,2026-08-23T17:13:00+08:00,Clementi ActiveSG Gym,open,78,78% full,"{""id"":""EcBGtBDRSadwhso2WV0Tk"",""name"":""Clementi ActiveSG Gym"",""capacityPercentage"":78,""type"":""gym"",""isClosed"":false}",api_response
2026-08-23T09:44:38+00:00,2026-08-23T17:44:00+08:00,Clementi ActiveSG Gym,open,81,81% full,"{""id"":""EcBGtBDRSadwhso2WV0Tk"",""name"":""Clementi ActiveSG Gym"",""capacityPercentage"":81,""type"":""gym"",""isClosed"":false}",api_response
2026-08-23T09:53:49+00:00,2026-08-23T17:53:00+08:00,Clementi ActiveSG Gym,open,78,78% full,"{""id"":""EcBGtBDRSadwhso2WV0Tk"",""name"":""Clementi ActiveSG Gym"",""capacityPercentage"":78,""type"":""gym"",""isClosed"":false}",api_response
2026-08-23T10:09:15+00:00,2026-08-23T18:09:00+08:00,Clementi ActiveSG Gym,open,73,73% full,"{""id"":""EcBGtBDRSadwhso2WV0Tk"",""name"":""Clementi ActiveSG Gym"",""capacityPercentage"":73,""type"":""gym"",""isClosed"":false}",api_response
2026-08-23T10:42:19+00:00,2026-08-23T18:42:00+08:00,Clementi ActiveSG Gym,open,66,66% full,"{""id"":""EcBGtBDRSadwhso2WV0Tk"",""name"":""Clementi ActiveSG Gym"",""capacityPercentage"":66,""type"":""gym"",""isClosed"":false}",api_response
2026-08-23T10:52:19+00:00,2026-08-23T18:52:00+08:00,Clementi ActiveSG Gym,open,57,57% full,"{""id"":""EcBGtBDRSadwhso2WV0Tk"",""name"":""Clementi ActiveSG Gym"",""capacityPercentage"":57,""type"":""gym"",""isClosed"":false}",api_response
2026-08-23T11:09:09+00:00,2026-08-23T19:09:00+08:00,Clementi ActiveSG Gym,open,61,61% full,"{""id"":""EcBGtBDRSadwhso2WV0Tk"",""name"":""Clementi ActiveSG Gym"",""capacityPercentage"":61,""type"":""gym"",""isClosed"":false}",api_response
2026-08-23T11:35:57+00:00,2026-08-23T19:35:00+08:00,Clementi ActiveSG Gym,open,68,68% full,"{""id"":""EcBGtBDRSadwhso2WV0Tk"",""name"":""Clementi ActiveSG Gym"",""capacityPercentage"":68,""type"":""gym"",""isClosed"":false}",api_response
2026-08-23T11:48:47+00:00,2026-08-23T19:48:00+08:00,Clementi ActiveSG Gym,open,68,68% full,"{""id"":""EcBGtBDRSadwhso2WV0Tk"",""name"":""Clementi ActiveSG Gym"",""capacityPercentage"":68,""type"":""gym"",""isClosed"":false}",api_response
2026-08-23T12:11:16+00:00,2026-08-23T20:11:00+08:00,Clementi ActiveSG Gym,open,66,66% full,"{""id"":""EcBGtBDRSadwhso2WV0Tk"",""name"":""Clementi ActiveSG Gym"",""capacityPercentage"":66,""type"":""gym"",""isClosed"":false}",api_response
2026-08-23T13:03:25+00:00,2026-08-23T21:03:00+08:00,Clementi ActiveSG Gym,open,64,64% full,"{""id"":""EcBGtBDRSadwhso2WV0Tk"",""name"":""Clementi ActiveSG Gym"",""capacityPercentage"":64,""type"":""gym"",""isClosed"":false}",api_response
2026-08-23T13:11:42+00:00,2026-08-23T21:11:00+08:00,Clementi ActiveSG Gym,open,64,64% full,"{""id"":""EcBGtBDRSadwhso2WV0Tk"",""name"":""Clementi ActiveSG Gym"",""capacityPercentage"":64,""type"":""gym"",""isClosed"":false}",api_response
2026-08-23T13:22:39+00:00,2026-08-23T21:22:00+08:00,Clementi ActiveSG Gym,open,60,60% full,"{""id"":""EcBGtBDRSadwhso2WV0Tk"",""name"":""Clementi ActiveSG Gym"",""capacityPercentage"":60,""type"":""gym"",""isClosed"":false}",api_response
2026-08-23T13:46:39+00:00,2026-08-23T21:46:00+08:00,Clementi ActiveSG Gym,open,0,0% full,"{""id"":""EcBGtBDRSadwhso2WV0Tk"",""name"":""Clementi ActiveSG Gym"",""capacityPercentage"":0,""type"":""gym"",""isClosed"":false}",api_response
2026-08-23T13:56:07+00:00,2026-08-23T21:56:00+08:00,Clementi ActiveSG Gym,open,0,0% full,"{""id"":""EcBGtBDRSadwhso2WV0Tk"",""name"":""Clementi ActiveSG Gym"",""capacityPercentage"":0,""type"":""gym"",""isClosed"":false}",api_response
2026-08-23T14:10:37+00:00,2026-08-23T22:10:00+08:00,Clementi ActiveSG Gym,closed,,Closed,"{""id"":""EcBGtBDRSadwhso2WV0Tk"",""name"":""Clementi ActiveSG Gym"",""capacityPercentage"":0,""type"":""gym"",""isClosed"":true}",api_response
2026-08-23T14:41:22+00:00,2026-08-23T22:41:00+08:00,Clementi ActiveSG Gym,closed,,Closed,"{""id"":""EcBGtBDRSadwhso2WV0Tk"",""name"":""Clementi ActiveSG Gym"",""capacityPercentage"":0,""type"":""gym"",""isClosed"":true}",api_response
2026-08-23T14:51:45+00:00,2026-08-23T22:51:00+08:00,Clementi ActiveSG Gym,closed,,Closed,"{""id"":""EcBGtBDRSadwhso2WV0Tk"",""name"":""Clementi ActiveSG Gym"",""capacityPercentage"":0,""type"":""gym"",""isClosed"":true}",api_response
2026-08-23T15:08:51+00:00,2026-08-23T23:08:00+08:00,Clementi ActiveSG Gym,closed,,Closed,"{""id"":""EcBGtBDRSadwhso2WV0Tk"",""name"":""Clementi ActiveSG Gym"",""capacityPercentage"":0,""type"":""gym"",""isClosed"":true}",api_response
2026-08-23T23:36:42+00:00,2026-08-24T07:36:00+08:00,Clementi ActiveSG Gym,open,36,36% full,"{""id"":""EcBGtBDRSadwhso2WV0Tk"",""name"":""Clementi ActiveSG Gym"",""capacityPercentage"":36,""type"":""gym"",""isClosed"":false}",api_response
2026-08-23T23:48:09+00:00,2026-08-24T07:48:00+08:00,Clementi ActiveSG Gym,open,42,42% full,"{""id"":""EcBGtBDRSadwhso2WV0Tk"",""name"":""Clementi ActiveSG Gym"",""capacityPercentage"":42,""type"":""gym"",""isClosed"":false}",api_response
2026-08-24T00:25:23+00:00,2026-08-24T08:25:00+08:00,Clementi ActiveSG Gym,open,55,55% full,"{""id"":""EcBGtBDRSadwhso2WV0Tk"",""name"":""Clementi ActiveSG Gym"",""capacityPercentage"":55,""type"":""gym"",""isClosed"":false}",api_response
2026-08-24T01:59:04+00:00,2026-08-24T09:59:00+08:00,Clementi ActiveSG Gym,open,56,56% full,"{""id"":""EcBGtBDRSadwhso2WV0Tk"",""name"":""Clementi ActiveSG Gym"",""capacityPercentage"":56,""type"":""gym"",""isClosed"":false}",api_response
2026-08-24T02:08:42+00:00,2026-08-24T10:08:00+08:00,Clementi ActiveSG Gym,open,49,49% full,"{""id"":""EcBGtBDRSadwhso2WV0Tk"",""name"":""Clementi ActiveSG Gym"",""capacityPercentage"":49,""type"":""gym"",""isClosed"":false}",api_response
2026-08-24T02:13:44+00:00,2026-08-24T10:13:00+08:00,Clementi ActiveSG Gym,open,53,53% full,"{""id"":""EcBGtBDRSadwhso2WV0Tk"",""name"":""Clementi ActiveSG Gym"",""capacityPercentage"":53,""type"":""gym"",""isClosed"":false}",api_response
2026-08-24T03:17:41+00:00,2026-08-24T11:17:00+08:00,Clementi ActiveSG Gym,open,69,69% full,"{""id"":""EcBGtBDRSadwhso2WV0Tk"",""name"":""Clementi ActiveSG Gym"",""capacityPercentage"":69,""type"":""gym"",""isClosed"":false}",api_response
2026-08-24T03:32:25+00:00,2026-08-24T11:32:00+08:00,Clementi ActiveSG Gym,open,72,72% full,"{""id"":""EcBGtBDRSadwhso2WV0Tk"",""name"":""Clementi ActiveSG Gym"",""capacityPercentage"":72,""type"":""gym"",""isClosed"":false}",api_response
2026-08-24T03:41:07+00:00,2026-08-24T11:41:00+08:00,Clementi ActiveSG Gym,open,69,69% full,"{""id"":""EcBGtBDRSadwhso2WV0Tk"",""name"":""Clementi ActiveSG Gym"",""capacityPercentage"":69,""type"":""gym"",""isClosed"":false}",api_response
2026-08-24T04:10:41+00:00,2026-08-24T12:10:00+08:00,Clementi ActiveSG Gym,open,57,57% full,"{""id"":""EcBGtBDRSadwhso2WV0Tk"",""name"":""Clementi ActiveSG Gym"",""capacityPercentage"":57,""type"":""gym"",""isClosed"":false}",api_response
2026-08-24T04:22:56+00:00,2026-08-24T12:22:00+08:00,Clementi ActiveSG Gym,open,59,59% full,"{""id"":""EcBGtBDRSadwhso2WV0Tk"",""name"":""Clementi ActiveSG Gym"",""capacityPercentage"":59,""type"":""gym"",""isClosed"":false}",api_response
2026-08-24T04:32:13+00:00,2026-08-24T12:32:00+08:00,Clementi ActiveSG Gym,open,65,65% full,"{""id"":""EcBGtBDRSadwhso2WV0Tk"",""name"":""Clementi ActiveSG Gym"",""capacityPercentage"":65,""type"":""gym"",""isClosed"":false}",api_response
2026-08-24T05:02:47+00:00,2026-08-24T13:02:00+08:00,Clementi ActiveSG Gym,open,64,64% full,"{""id"":""EcBGtBDRSadwhso2WV0Tk"",""name"":""Clementi ActiveSG Gym"",""capacityPercentage"":64,""type"":""gym"",""isClosed"":false}",api_response
2026-08-24T05:20:07+00:00,2026-08-24T13:20:00+08:00,Clementi ActiveSG Gym,open,65,65% full,"{""id"":""EcBGtBDRSadwhso2WV0Tk"",""name"":""Clementi ActiveSG Gym"",""capacityPercentage"":65,""type"":""gym"",""isClosed"":false}",api_response
2026-08-24T05:26:23+00:00,2026-08-24T13:26:00+08:00,Clementi ActiveSG Gym,open,45,45% full,"{""id"":""EcBGtBDRSadwhso2WV0Tk"",""name"":""Clementi ActiveSG Gym"",""capacityPercentage"":45,""type"":""gym"",""isClosed"":false}",api_response
2026-08-24T05:54:13+00:00,2026-08-24T13:54:00+08:00,Clementi ActiveSG Gym,open,53,53% full,"{""id"":""EcBGtBDRSadwhso2WV0Tk"",""name"":""Clementi ActiveSG Gym"",""capacityPercentage"":53,""type"":""gym"",""isClosed"":false}",api_response
